strategy,concurrency,op,duration_ms
single_saver_shared_pool,1,aget_tuple,3.421899999921152
single_saver_shared_pool,1,aput,4.920100000163075
single_saver_shared_pool,1,aput_writes,7.972999999765307
single_saver_shared_pool,1,aput,6.725199999891629
single_saver_shared_pool,1,aput,3.796800000145595
single_saver_shared_pool,1,aput_writes,6.766499999685038
single_saver_shared_pool,1,aput,3.770599999825208
single_saver_shared_pool,1,aput_writes,6.720299999869894
single_saver_shared_pool,1,aput,3.347999999732565
single_saver_shared_pool,1,aput_writes,5.732699999953184
single_saver_shared_pool,5,aget_tuple,2.5252000000364205
single_saver_shared_pool,5,aget_tuple,6.2593000002379995
single_saver_shared_pool,5,aget_tuple,9.79749999987689
single_saver_shared_pool,5,aget_tuple,13.40040000013687
single_saver_shared_pool,5,aget_tuple,16.763600000103906
single_saver_shared_pool,5,aput,23.34049999990384
single_saver_shared_pool,5,aput_writes,27.457899999717483
single_saver_shared_pool,5,aput,27.031499999793596
single_saver_shared_pool,5,aput_writes,31.007499999759602
single_saver_shared_pool,5,aput,31.202299999677052
single_saver_shared_pool,5,aput_writes,35.887000000002445
single_saver_shared_pool,5,aput,35.729799999899114
single_saver_shared_pool,5,aput_writes,40.979500000048574
single_saver_shared_pool,5,aput,41.04699999970762
single_saver_shared_pool,5,aput_writes,44.603900000311114
single_saver_shared_pool,5,aput,40.2035000001888
single_saver_shared_pool,5,aput,35.65209999987928
single_saver_shared_pool,5,aput,30.793899999935093
single_saver_shared_pool,5,aput,26.03399999998146
single_saver_shared_pool,5,aput,20.93460000014602
single_saver_shared_pool,5,aput,4.377600000225357
single_saver_shared_pool,5,aput_writes,7.433799999944313
single_saver_shared_pool,5,aput,8.062299999892275
single_saver_shared_pool,5,aput_writes,10.504800000035175
single_saver_shared_pool,5,aput,10.560700000041834
single_saver_shared_pool,5,aput_writes,12.968899999577843
single_saver_shared_pool,5,aput,11.28919999973732
single_saver_shared_pool,5,aput_writes,14.202000000295811
single_saver_shared_pool,5,aput,12.355599999864353
single_saver_shared_pool,5,aput_writes,15.074400000230526
single_saver_shared_pool,5,aput,8.47799999974086
single_saver_shared_pool,5,aput,12.336000000232161
single_saver_shared_pool,5,aput_writes,15.216100000088773
single_saver_shared_pool,5,aput,18.128600000181905
single_saver_shared_pool,5,aput_writes,23.06620000035764
single_saver_shared_pool,5,aput_writes,25.521300000036717
single_saver_shared_pool,5,aput,27.188099999875703
single_saver_shared_pool,5,aput_writes,30.61180000031527
single_saver_shared_pool,5,aput,26.481200000034733
single_saver_shared_pool,5,aput_writes,30.165000000124564
single_saver_shared_pool,5,aput,8.22199999993245
single_saver_shared_pool,5,aput,11.358100000052218
single_saver_shared_pool,5,aput,14.544500000283733
single_saver_shared_pool,5,aput_writes,17.44730000018535
single_saver_shared_pool,5,aput,19.81679999971675
single_saver_shared_pool,5,aput_writes,24.148799999693438
single_saver_shared_pool,5,aput_writes,26.764899999761838
single_saver_shared_pool,5,aput_writes,29.371199999786768
single_saver_shared_pool,5,aput,23.640099999738595
single_saver_shared_pool,5,aput_writes,26.682400000026973
single_saver_shared_pool,20,aget_tuple,3.4828000002562476
single_saver_shared_pool,20,aget_tuple,6.75279999995837
single_saver_shared_pool,20,aget_tuple,10.303900000053545
single_saver_shared_pool,20,aget_tuple,13.080499999887252
single_saver_shared_pool,20,aget_tuple,15.563000000383909
single_saver_shared_pool,20,aget_tuple,17.999799999870447
single_saver_shared_pool,20,aget_tuple,20.554900000206544
single_saver_shared_pool,20,aget_tuple,23.075499999777094
single_saver_shared_pool,20,aget_tuple,25.12590000014825
single_saver_shared_pool,20,aget_tuple,27.406599999721948
single_saver_shared_pool,20,aget_tuple,29.703799999879266
single_saver_shared_pool,20,aget_tuple,32.34829999973954
single_saver_shared_pool,20,aget_tuple,34.10309999981109
single_saver_shared_pool,20,aget_tuple,36.400399999820365
single_saver_shared_pool,20,aget_tuple,38.61619999997856
single_saver_shared_pool,20,aget_tuple,40.566100000432925
single_saver_shared_pool,20,aget_tuple,42.942000000039116
single_saver_shared_pool,20,aget_tuple,45.147000000270054
single_saver_shared_pool,20,aget_tuple,49.608899999839196
single_saver_shared_pool,20,aget_tuple,51.774700000351004
single_saver_shared_pool,20,aput,58.899300000121
single_saver_shared_pool,20,aput_writes,62.5833999997667
single_saver_shared_pool,20,aput,62.63510000007955
single_saver_shared_pool,20,aput_writes,66.42779999992854
single_saver_shared_pool,20,aput,66.42729999975927
single_saver_shared_pool,20,aput_writes,69.87210000033883
single_saver_shared_pool,20,aput,70.27880000032383
single_saver_shared_pool,20,aput_writes,74.04419999966194
single_saver_shared_pool,20,aput,75.02979999981108
single_saver_shared_pool,20,aput_writes,79.52509999995527
single_saver_shared_pool,20,aput,80.21139999982552
single_saver_shared_pool,20,aput_writes,84.07479999959833
single_saver_shared_pool,20,aput,85.35209999990911
single_saver_shared_pool,20,aput_writes,88.90859999974055
single_saver_shared_pool,20,aput,89.88069999986692
single_saver_shared_pool,20,aput_writes,93.13569999994797
single_saver_shared_pool,20,aput,94.22219999987647
single_saver_shared_pool,20,aput_writes,98.25950000004013
single_saver_shared_pool,20,aput,99.41770000023098
single_saver_shared_pool,20,aput_writes,103.48829999975351
single_saver_shared_pool,20,aput,104.51990000001388
single_saver_shared_pool,20,aput_writes,108.19450000008146
single_saver_shared_pool,20,aput,108.95560000017213
single_saver_shared_pool,20,aput_writes,112.5928000001295
single_saver_shared_pool,20,aput,113.64709999998013
single_saver_shared_pool,20,aput_writes,117.03280000028826
single_saver_shared_pool,20,aput,118.46680000007836
single_saver_shared_pool,20,aput_writes,122.16220000027533
single_saver_shared_pool,20,aput,123.15450000005512
single_saver_shared_pool,20,aput_writes,127.15170000001308
single_saver_shared_pool,20,aput,128.52440000006027
single_saver_shared_pool,20,aput_writes,132.56600000022445
single_saver_shared_pool,20,aput,133.22500000003856
single_saver_shared_pool,20,aput_writes,136.9446999997308
single_saver_shared_pool,20,aput,135.36100000010265
single_saver_shared_pool,20,aput_writes,138.35359999984576
single_saver_shared_pool,20,aput,138.5777999998936
single_saver_shared_pool,20,aput_writes,141.82909999999538
single_saver_shared_pool,20,aput,142.41279999987455
single_saver_shared_pool,20,aput_writes,145.32869999993636
single_saver_shared_pool,20,aput,140.29260000006616
single_saver_shared_pool,20,aput,135.70819999995365
single_saver_shared_pool,20,aput,130.7691000001796
single_saver_shared_pool,20,aput,126.679200000126
single_saver_shared_pool,20,aput,122.4291000003177
single_saver_shared_pool,20,aput,117.27899999959845
single_saver_shared_pool,20,aput,111.9659999999385
single_saver_shared_pool,20,aput,107.70709999997052
single_saver_shared_pool,20,aput,103.66430000021865
single_saver_shared_pool,20,aput,98.70490000002974
single_saver_shared_pool,20,aput,93.93679999993765
single_saver_shared_pool,20,aput,90.39579999989655
single_saver_shared_pool,20,aput,85.92929999986154
single_saver_shared_pool,20,aput,81.42709999992803
single_saver_shared_pool,20,aput,76.84729999982665
single_saver_shared_pool,20,aput,71.81709999986197
single_saver_shared_pool,20,aput,67.10309999971287
single_saver_shared_pool,20,aput,62.98849999984668
single_saver_shared_pool,20,aput,60.24470000011206
single_saver_shared_pool,20,aput,56.591000000025815
single_saver_shared_pool,20,aput,2.9901999996582163
single_saver_shared_pool,20,aput_writes,5.116499999985535
single_saver_shared_pool,20,aput,3.3942000000024564
single_saver_shared_pool,20,aput_writes,6.598800000119809
single_saver_shared_pool,20,aput,5.400399999871297
single_saver_shared_pool,20,aput_writes,8.847099999911734
single_saver_shared_pool,20,aput,7.839599999897473
single_saver_shared_pool,20,aput_writes,10.608400000364782
single_saver_shared_pool,20,aput,9.597499999927095
single_saver_shared_pool,20,aput_writes,12.626699999600532
single_saver_shared_pool,20,aput,13.28220000004876
single_saver_shared_pool,20,aput_writes,15.697799999998097
single_saver_shared_pool,20,aput,14.817399999628833
single_saver_shared_pool,20,aput_writes,17.58609999978944
single_saver_shared_pool,20,aput,18.15260000012131
single_saver_shared_pool,20,aput_writes,20.47629999970013
single_saver_shared_pool,20,aput,19.73920000000362
single_saver_shared_pool,20,aput_writes,22.1480000000156
single_saver_shared_pool,20,aput,21.017500000198197
single_saver_shared_pool,20,aput_writes,23.429899999882764
single_saver_shared_pool,20,aput,24.74869999969087
single_saver_shared_pool,20,aput_writes,26.912499999980355
single_saver_shared_pool,20,aput,26.154700000006414
single_saver_shared_pool,20,aput_writes,28.49789999982022
single_saver_shared_pool,20,aput,27.34329999975671
single_saver_shared_pool,20,aput_writes,29.835299999831477
single_saver_shared_pool,20,aput,31.035399999836955
single_saver_shared_pool,20,aput_writes,33.047399999759364
single_saver_shared_pool,20,aput,33.32609999961278
single_saver_shared_pool,20,aput_writes,35.505299999840645
single_saver_shared_pool,20,aput,33.109999999851425
single_saver_shared_pool,20,aput_writes,35.580100000061066
single_saver_shared_pool,20,aput,36.74910000017917
single_saver_shared_pool,20,aput_writes,39.00019999991855
single_saver_shared_pool,20,aput,37.054599999919446
single_saver_shared_pool,20,aput_writes,39.18070000008811
single_saver_shared_pool,20,aput,38.27180000007502
single_saver_shared_pool,20,aput_writes,40.72009999981674
single_saver_shared_pool,20,aput,41.052200000194716
single_saver_shared_pool,20,aput_writes,43.3484000000135
single_saver_shared_pool,20,aput,3.6405000000740984
single_saver_shared_pool,20,aput,5.852699999650213
single_saver_shared_pool,20,aput_writes,9.266000000025088
single_saver_shared_pool,20,aput_writes,11.249600000155624
single_saver_shared_pool,20,aput,10.099699999955192
single_saver_shared_pool,20,aput_writes,12.99189999963346
single_saver_shared_pool,20,aput,14.201399999819841
single_saver_shared_pool,20,aput_writes,17.036600000210456
single_saver_shared_pool,20,aput,15.424300000177027
single_saver_shared_pool,20,aput_writes,18.121900000096502
single_saver_shared_pool,20,aput,19.52179999989312
single_saver_shared_pool,20,aput_writes,22.514899999805493
single_saver_shared_pool,20,aput,20.912399999815534
single_saver_shared_pool,20,aput_writes,24.158499999884953
single_saver_shared_pool,20,aput,25.11850000018967
single_saver_shared_pool,20,aput_writes,28.309600000284263
single_saver_shared_pool,20,aput,26.941399999941495
single_saver_shared_pool,20,aput_writes,29.51020000000426
single_saver_shared_pool,20,aput,29.906499999924563
single_saver_shared_pool,20,aput_writes,32.309999999597494
single_saver_shared_pool,20,aput,34.203900000193244
single_saver_shared_pool,20,aput_writes,36.46709999975428
single_saver_shared_pool,20,aput,35.38520000029166
single_saver_shared_pool,20,aput_writes,37.90399999979854
single_saver_shared_pool,20,aput,37.138099999992846
single_saver_shared_pool,20,aput_writes,39.5223000000442
single_saver_shared_pool,20,aput,39.988800000173796
single_saver_shared_pool,20,aput_writes,42.214599999624625
single_saver_shared_pool,20,aput,41.797500000029686
single_saver_shared_pool,20,aput_writes,44.04530000010709
single_saver_shared_pool,20,aput,43.15279999991617
single_saver_shared_pool,20,aput_writes,45.57459999978164
single_saver_shared_pool,20,aput,46.841500000027736
single_saver_shared_pool,20,aput_writes,49.278899999990244
single_saver_shared_pool,20,aput,47.20880000013494
single_saver_shared_pool,20,aput_writes,49.57009999998263
single_saver_shared_pool,20,aput,48.77230000010968
single_saver_shared_pool,20,aput_writes,51.11880000004021
single_saver_shared_pool,20,aput,52.610100000038074
single_saver_shared_pool,20,aput_writes,55.037000000083935
single_saver_shared_pool,20,aput,4.248199999892677
single_saver_shared_pool,20,aput,6.212700000105542
single_saver_shared_pool,20,aput_writes,9.763700000348763
single_saver_shared_pool,20,aput_writes,11.424100000112958
single_saver_shared_pool,20,aput,13.668100000359118
single_saver_shared_pool,20,aput_writes,15.827800000352
single_saver_shared_pool,20,aput,17.886100000396254
single_saver_shared_pool,20,aput_writes,20.146399999703135
single_saver_shared_pool,20,aput,17.62109999981476
single_saver_shared_pool,20,aput,20.256999999674008
single_saver_shared_pool,20,aput_writes,22.586800000226503
single_saver_shared_pool,20,aput_writes,25.286399999913556
single_saver_shared_pool,20,aput,23.234599999796046
single_saver_shared_pool,20,aput,25.104600000304345
single_saver_shared_pool,20,aput_writes,28.17749999985608
single_saver_shared_pool,20,aput_writes,30.59239999993224
single_saver_shared_pool,20,aput,27.647000000342814
single_saver_shared_pool,20,aput_writes,30.07430000025124
single_saver_shared_pool,20,aput,31.501699999807897
single_saver_shared_pool,20,aput_writes,33.57689999984359
single_saver_shared_pool,20,aput,35.132399999838526
single_saver_shared_pool,20,aput_writes,37.493300000278396
single_saver_shared_pool,20,aput,35.85479999992458
single_saver_shared_pool,20,aput_writes,38.11330000007729
single_saver_shared_pool,20,aput,38.0672000001141
single_saver_shared_pool,20,aput_writes,40.32310000002326
single_saver_shared_pool,20,aput,41.62640000004103
single_saver_shared_pool,20,aput_writes,43.8891999997395
single_saver_shared_pool,20,aput,41.858500000216736
single_saver_shared_pool,20,aput_writes,44.060499999886815
single_saver_shared_pool,20,aput,43.35480000008829
single_saver_shared_pool,20,aput_writes,45.587800000248535
single_saver_shared_pool,20,aput,47.048699999777455
single_saver_shared_pool,20,aput_writes,49.22370000031151
single_saver_shared_pool,20,aput,46.95559999981924
single_saver_shared_pool,20,aput_writes,49.136300000100164
single_saver_shared_pool,20,aput,48.46080000015718
single_saver_shared_pool,20,aput_writes,50.664799999594834
single_saver_shared_pool,20,aput,52.30269999992743
single_saver_shared_pool,20,aput_writes,54.89390000002459
single_saver_shared_pool,50,aget_tuple,7.755300000098941
single_saver_shared_pool,50,aget_tuple,11.985900000127003
single_saver_shared_pool,50,aget_tuple,15.293800000108604
single_saver_shared_pool,50,aget_tuple,17.768599999726575
single_saver_shared_pool,50,aget_tuple,20.273699999961536
single_saver_shared_pool,50,aget_tuple,22.48059999965335
single_saver_shared_pool,50,aget_tuple,25.39440000009563
single_saver_shared_pool,50,aget_tuple,27.406900000187306
single_saver_shared_pool,50,aget_tuple,29.741999999714608
single_saver_shared_pool,50,aget_tuple,32.289700000092125
single_saver_shared_pool,50,aget_tuple,34.45590000001175
single_saver_shared_pool,50,aget_tuple,37.0944999999665
single_saver_shared_pool,50,aget_tuple,39.0956000001097
single_saver_shared_pool,50,aget_tuple,41.10639999998966
single_saver_shared_pool,50,aget_tuple,43.61150000022462
single_saver_shared_pool,50,aget_tuple,45.961499999975786
single_saver_shared_pool,50,aget_tuple,48.38470000004236
single_saver_shared_pool,50,aget_tuple,50.691899999947054
single_saver_shared_pool,50,aget_tuple,53.68709999993371
single_saver_shared_pool,50,aget_tuple,55.960700000014185
single_saver_shared_pool,50,aget_tuple,58.06540000003224
single_saver_shared_pool,50,aget_tuple,60.36409999978787
single_saver_shared_pool,50,aget_tuple,62.49309999975594
single_saver_shared_pool,50,aget_tuple,65.07549999969342
single_saver_shared_pool,50,aget_tuple,67.81619999992472
single_saver_shared_pool,50,aget_tuple,70.00870000001669
single_saver_shared_pool,50,aget_tuple,72.33380000025136
single_saver_shared_pool,50,aget_tuple,74.77840000001379
single_saver_shared_pool,50,aget_tuple,78.19460000018807
single_saver_shared_pool,50,aget_tuple,80.74119999992035
single_saver_shared_pool,50,aget_tuple,83.68270000028133
single_saver_shared_pool,50,aget_tuple,85.9043999998903
single_saver_shared_pool,50,aget_tuple,88.70519999982207
single_saver_shared_pool,50,aget_tuple,90.93560000019352
single_saver_shared_pool,50,aget_tuple,93.46749999986059
single_saver_shared_pool,50,aget_tuple,95.80600000026607
single_saver_shared_pool,50,aget_tuple,98.12439999996059
single_saver_shared_pool,50,aget_tuple,100.64850000026127
single_saver_shared_pool,50,aget_tuple,103.41410000000906
single_saver_shared_pool,50,aget_tuple,105.75999999991836
single_saver_shared_pool,50,aget_tuple,108.02560000001904
single_saver_shared_pool,50,aget_tuple,110.28099999975893
single_saver_shared_pool,50,aget_tuple,112.50920000020415
single_saver_shared_pool,50,aget_tuple,115.2419000000009
single_saver_shared_pool,50,aget_tuple,117.76699999973061
single_saver_shared_pool,50,aget_tuple,120.14970000018366
single_saver_shared_pool,50,aget_tuple,122.20620000016424
single_saver_shared_pool,50,aget_tuple,124.64630000022225
single_saver_shared_pool,50,aget_tuple,126.91940000013346
single_saver_shared_pool,50,aget_tuple,129.7816999999668
single_saver_shared_pool,50,aput,136.87960000015664
single_saver_shared_pool,50,aput_writes,141.02890000003754
single_saver_shared_pool,50,aput,140.02010000012888
single_saver_shared_pool,50,aput_writes,143.7260999996397
single_saver_shared_pool,50,aput,143.94549999997253
single_saver_shared_pool,50,aput_writes,147.5652999997692
single_saver_shared_pool,50,aput,148.74490000011065
single_saver_shared_pool,50,aput_writes,152.38079999971887
single_saver_shared_pool,50,aput,153.10460000000603
single_saver_shared_pool,50,aput_writes,156.79699999964214
single_saver_shared_pool,50,aput,157.78580000005604
single_saver_shared_pool,50,aput_writes,161.41019999986383
single_saver_shared_pool,50,aput,161.7260999996688
single_saver_shared_pool,50,aput_writes,165.0179000002936
single_saver_shared_pool,50,aput,165.95450000022538
single_saver_shared_pool,50,aput_writes,169.61510000010094
single_saver_shared_pool,50,aput,170.75000000022555
single_saver_shared_pool,50,aput_writes,174.40159999978277
single_saver_shared_pool,50,aput,175.18550000022515
single_saver_shared_pool,50,aput_writes,178.71829999967304
single_saver_shared_pool,50,aput,179.70930000001317
single_saver_shared_pool,50,aput_writes,183.53979999983494
single_saver_shared_pool,50,aput,184.0729000000465
single_saver_shared_pool,50,aput_writes,188.25579999975162
single_saver_shared_pool,50,aput,189.0638999998373
single_saver_shared_pool,50,aput_writes,193.07460000027277
single_saver_shared_pool,50,aput,194.22420000000784
single_saver_shared_pool,50,aput_writes,197.7443000000676
single_saver_shared_pool,50,aput,198.67650000014692
single_saver_shared_pool,50,aput_writes,202.16690000006565
single_saver_shared_pool,50,aput,203.18219999990106
single_saver_shared_pool,50,aput_writes,206.55119999992166
single_saver_shared_pool,50,aput,207.48719999983223
single_saver_shared_pool,50,aput_writes,212.20549999998184
single_saver_shared_pool,50,aput,212.94170000010126
single_saver_shared_pool,50,aput_writes,216.14660000022923
single_saver_shared_pool,50,aput,216.68170000020837
single_saver_shared_pool,50,aput_writes,219.3569999999454
single_saver_shared_pool,50,aput,219.58790000007866
single_saver_shared_pool,50,aput_writes,224.2921000001843
single_saver_shared_pool,50,aput,225.257000000056
single_saver_shared_pool,50,aput_writes,228.72370000004594
single_saver_shared_pool,50,aput,229.68949999994948
single_saver_shared_pool,50,aput_writes,233.4923000003073
single_saver_shared_pool,50,aput,234.83340000029784
single_saver_shared_pool,50,aput_writes,238.50910000010117
single_saver_shared_pool,50,aput,239.38390000012078
single_saver_shared_pool,50,aput_writes,243.1712000002335
single_saver_shared_pool,50,aput,243.6107999997148
single_saver_shared_pool,50,aput_writes,248.20809999982885
single_saver_shared_pool,50,aput,249.1250999996737
single_saver_shared_pool,50,aput_writes,252.99429999995482
single_saver_shared_pool,50,aput,254.07170000016777
single_saver_shared_pool,50,aput_writes,257.74360000013985
single_saver_shared_pool,50,aput,258.3823999998458
single_saver_shared_pool,50,aput_writes,262.83980000016527
single_saver_shared_pool,50,aput,262.70690000001196
single_saver_shared_pool,50,aput_writes,267.7048000000468
single_saver_shared_pool,50,aput,269.7395999998662
single_saver_shared_pool,50,aput_writes,274.4343000003937
single_saver_shared_pool,50,aput,274.7356999998374
single_saver_shared_pool,50,aput_writes,279.3559000001551
single_saver_shared_pool,50,aput,280.4157999999006
single_saver_shared_pool,50,aput_writes,284.78510000013557
single_saver_shared_pool,50,aput,285.35409999994954
single_saver_shared_pool,50,aput_writes,288.58219999983703
single_saver_shared_pool,50,aput,289.69669999969483
single_saver_shared_pool,50,aput_writes,292.71790000029796
single_saver_shared_pool,50,aput,292.90409999975964
single_saver_shared_pool,50,aput_writes,297.1428000000742
single_saver_shared_pool,50,aput,297.89230000005773
single_saver_shared_pool,50,aput_writes,300.82160000029035
single_saver_shared_pool,50,aput,300.94869999993534
single_saver_shared_pool,50,aput_writes,303.7790000003042
single_saver_shared_pool,50,aput,304.14729999984047
single_saver_shared_pool,50,aput_writes,306.58089999997173
single_saver_shared_pool,50,aput,306.37620000015886
single_saver_shared_pool,50,aput_writes,309.189200000219
single_saver_shared_pool,50,aput,309.13250000003245
single_saver_shared_pool,50,aput_writes,311.9101000002047
single_saver_shared_pool,50,aput,312.31760000036957
single_saver_shared_pool,50,aput_writes,315.0224999999409
single_saver_shared_pool,50,aput,315.4264999998304
single_saver_shared_pool,50,aput_writes,318.5540999998011
single_saver_shared_pool,50,aput,318.576000000121
single_saver_shared_pool,50,aput_writes,321.2911000000531
single_saver_shared_pool,50,aput,321.24279999970895
single_saver_shared_pool,50,aput_writes,324.2974999998296
single_saver_shared_pool,50,aput,324.0787999998247
single_saver_shared_pool,50,aput_writes,327.4087999998301
single_saver_shared_pool,50,aput,327.8752999999597
single_saver_shared_pool,50,aput_writes,331.0179000000062
single_saver_shared_pool,50,aput,331.8404999999984
single_saver_shared_pool,50,aput_writes,334.89190000000235
single_saver_shared_pool,50,aput,335.0635000001603
single_saver_shared_pool,50,aput_writes,338.239700000031
single_saver_shared_pool,50,aput,338.3566000002247
single_saver_shared_pool,50,aput_writes,341.09159999979966
single_saver_shared_pool,50,aput,340.6491000000642
single_saver_shared_pool,50,aput_writes,343.3741999997437
single_saver_shared_pool,50,aput,339.3228999998428
single_saver_shared_pool,50,aput,334.186900000077
single_saver_shared_pool,50,aput,329.36629999994693
single_saver_shared_pool,50,aput,324.8262000001887
single_saver_shared_pool,50,aput,320.37820000005013
single_saver_shared_pool,50,aput,315.5486999999084
single_saver_shared_pool,50,aput,311.14720000005036
single_saver_shared_pool,50,aput,307.17360000016924
single_saver_shared_pool,50,aput,302.22399999956906
single_saver_shared_pool,50,aput,297.6026000001184
single_saver_shared_pool,50,aput,293.13349999983984
single_saver_shared_pool,50,aput,289.4058000001678
single_saver_shared_pool,50,aput,284.3820000002779
single_saver_shared_pool,50,aput,280.3733000000648
single_saver_shared_pool,50,aput,276.1528000000908
single_saver_shared_pool,50,aput,273.15219999991314
single_saver_shared_pool,50,aput,270.3004999998484
single_saver_shared_pool,50,aput_writes,272.40919999985636
single_saver_shared_pool,50,aput_writes,270.4880999999659
single_saver_shared_pool,50,aput,272.14950000006866
single_saver_shared_pool,50,aput_writes,274.8885999999402
single_saver_shared_pool,50,aput_writes,273.2230999999956
single_saver_shared_pool,50,aput_writes,274.2481999998745
single_saver_shared_pool,50,aput,275.5429999997432
single_saver_shared_pool,50,aput_writes,276.85550000023795
single_saver_shared_pool,50,aput,276.1537999999746
single_saver_shared_pool,50,aput_writes,277.86369999967064
single_saver_shared_pool,50,aput_writes,278.7813999998434
single_saver_shared_pool,50,aput_writes,278.11689999998634
single_saver_shared_pool,50,aput_writes,279.5740999999907
single_saver_shared_pool,50,aput,280.5550000002768
single_saver_shared_pool,50,aput_writes,282.0864000000256
single_saver_shared_pool,50,aput_writes,281.50800000003073
single_saver_shared_pool,50,aput_writes,281.81309999990845
single_saver_shared_pool,50,aput,284.26390000004176
single_saver_shared_pool,50,aput_writes,285.2831000000151
single_saver_shared_pool,50,aput_writes,284.3143999998574
single_saver_shared_pool,50,aput,284.5744999999624
single_saver_shared_pool,50,aput_writes,286.98990000020785
single_saver_shared_pool,50,aput_writes,288.55139999996027
single_saver_shared_pool,50,aput_writes,288.2550000003903
single_saver_shared_pool,50,aput,289.2566999998962
single_saver_shared_pool,50,aput_writes,291.3573999999244
single_saver_shared_pool,50,aput_writes,292.34249999990425
single_saver_shared_pool,50,aput_writes,292.57730000017546
single_saver_shared_pool,50,aput,293.0234999998902
single_saver_shared_pool,50,aput_writes,295.43869999997696
single_saver_shared_pool,50,aput_writes,296.2545999998838
single_saver_shared_pool,50,aput_writes,296.1355000002186
single_saver_shared_pool,50,aput,296.42569999987245
single_saver_shared_pool,50,aput_writes,298.1320000003507
single_saver_shared_pool,50,aput_writes,299.1770000003271
single_saver_shared_pool,50,aput_writes,298.74549999976807
single_saver_shared_pool,50,aput,298.660800000107
single_saver_shared_pool,50,aput_writes,301.59980000007636
single_saver_shared_pool,50,aput_writes,300.3404999999475
single_saver_shared_pool,50,aput,300.26779999980135
single_saver_shared_pool,50,aput_writes,303.20819999997184
single_saver_shared_pool,50,aput_writes,303.6219999999048
single_saver_shared_pool,50,aput_writes,302.6873000003434
single_saver_shared_pool,50,aput_writes,302.8073000000404
single_saver_shared_pool,50,aput,304.8140000000785
single_saver_shared_pool,50,aput_writes,304.7602999999981
single_saver_shared_pool,50,aput_writes,303.47200000005614
single_saver_shared_pool,50,aput_writes,304.3851000002178
single_saver_shared_pool,50,aput,303.99469999974826
single_saver_shared_pool,50,aput_writes,305.85809999956837
single_saver_shared_pool,50,aput_writes,306.4913999996861
single_saver_shared_pool,50,aput_writes,304.97590000004493
single_saver_shared_pool,50,aput,305.2253999999266
single_saver_shared_pool,50,aput_writes,307.26240000012695
single_saver_shared_pool,50,aput_writes,307.6554999997825
single_saver_shared_pool,50,aput_writes,306.3566000000719
single_saver_shared_pool,50,aput,305.890300000101
single_saver_shared_pool,50,aput_writes,307.83659999997326
single_saver_shared_pool,50,aput_writes,309.12469999975656
single_saver_shared_pool,50,aput_writes,307.71260000028633
single_saver_shared_pool,50,aput_writes,308.6742000000413
single_saver_shared_pool,50,aput,309.86940000002505
single_saver_shared_pool,50,aput_writes,311.71760000006543
single_saver_shared_pool,50,aput_writes,311.291799999708
single_saver_shared_pool,50,aput,310.6643000000986
single_saver_shared_pool,50,aput_writes,312.6700000002529
single_saver_shared_pool,50,aput_writes,313.0013999998482
single_saver_shared_pool,50,aput,312.50770000042394
single_saver_shared_pool,50,aput,308.2229000001462
single_saver_shared_pool,50,aput,306.0990999997557
single_saver_shared_pool,50,aput,303.2978999999614
single_saver_shared_pool,50,aput,300.9500000002845
single_saver_shared_pool,50,aput,298.3052999998108
single_saver_shared_pool,50,aput,295.23280000012164
single_saver_shared_pool,50,aput,292.49669999990147
single_saver_shared_pool,50,aput,289.1270000000077
single_saver_shared_pool,50,aput,287.06640000018524
single_saver_shared_pool,50,aput,284.084399999756
single_saver_shared_pool,50,aput,281.0498999997435
single_saver_shared_pool,50,aput,277.6456000001417
single_saver_shared_pool,50,aput,274.75749999985055
single_saver_shared_pool,50,aput,271.8723000002683
single_saver_shared_pool,50,aput,269.4266999997126
single_saver_shared_pool,50,aput,264.86609999983557
single_saver_shared_pool,50,aput,264.58850000017264
single_saver_shared_pool,50,aput,264.4851000000017
single_saver_shared_pool,50,aput,263.90330000003814
single_saver_shared_pool,50,aput,263.6669000003167
single_saver_shared_pool,50,aput,263.6938000000555
single_saver_shared_pool,50,aput,263.72600000013335
single_saver_shared_pool,50,aput,263.8324999998076
single_saver_shared_pool,50,aput,263.7369999997645
single_saver_shared_pool,50,aput,263.5568999999123
single_saver_shared_pool,50,aput,263.43739999992977
single_saver_shared_pool,50,aput_writes,265.95369999995455
single_saver_shared_pool,50,aput,265.5947999996897
single_saver_shared_pool,50,aput,265.36620000024413
single_saver_shared_pool,50,aput_writes,267.6400000000285
single_saver_shared_pool,50,aput,267.4291999996967
single_saver_shared_pool,50,aput_writes,269.9459000000388
single_saver_shared_pool,50,aput,269.6184000001267
single_saver_shared_pool,50,aput_writes,272.1046000001479
single_saver_shared_pool,50,aput_writes,273.5141000002841
single_saver_shared_pool,50,aput,272.91239999976824
single_saver_shared_pool,50,aput_writes,274.54279999983555
single_saver_shared_pool,50,aput,273.71450000009645
single_saver_shared_pool,50,aput_writes,275.98459999990155
single_saver_shared_pool,50,aput_writes,277.28819999992993
single_saver_shared_pool,50,aput_writes,276.4673000001494
single_saver_shared_pool,50,aput_writes,278.0754000000343
single_saver_shared_pool,50,aput,277.7398999996876
single_saver_shared_pool,50,aput_writes,279.8598999997921
single_saver_shared_pool,50,aput_writes,280.9999000000971
single_saver_shared_pool,50,aput_writes,281.456000000162
single_saver_shared_pool,50,aput_writes,280.6354999997893
single_saver_shared_pool,50,aput,279.8908999998275
single_saver_shared_pool,50,aput_writes,282.463000000007
single_saver_shared_pool,50,aput_writes,282.21780000012586
single_saver_shared_pool,50,aput_writes,283.50769999997283
single_saver_shared_pool,50,aput,283.9819999999236
single_saver_shared_pool,50,aput_writes,286.38130000035744
single_saver_shared_pool,50,aput_writes,285.2815000001101
single_saver_shared_pool,50,aput_writes,285.7403999996677
single_saver_shared_pool,50,aput_writes,287.36039999967034
single_saver_shared_pool,50,aput,285.6879000000845
single_saver_shared_pool,50,aput_writes,288.56210000003557
single_saver_shared_pool,50,aput_writes,290.00319999977364
single_saver_shared_pool,50,aput_writes,289.0855000000556
single_saver_shared_pool,50,aput_writes,288.17509999998947
single_saver_shared_pool,50,aput_writes,289.2466000002969
single_saver_shared_pool,50,aput,289.38209999978426
single_saver_shared_pool,50,aput_writes,291.7840000000069
single_saver_shared_pool,50,aput_writes,290.1381000001493
single_saver_shared_pool,50,aput,290.144600000076
single_saver_shared_pool,50,aput_writes,292.2404999999344
single_saver_shared_pool,50,aput_writes,292.94039999967936
single_saver_shared_pool,50,aput_writes,292.4388999999792
single_saver_shared_pool,50,aput_writes,292.8023999998004
single_saver_shared_pool,50,aput_writes,293.89579999997295
single_saver_shared_pool,50,aput,293.8871999999719
single_saver_shared_pool,50,aput_writes,293.8712999998643
single_saver_shared_pool,50,aput_writes,293.9633999999387
single_saver_shared_pool,50,aput_writes,295.34140000032494
single_saver_shared_pool,50,aput_writes,294.6904000000359
single_saver_shared_pool,50,aput,294.4638999997551
single_saver_shared_pool,50,aput_writes,296.4415999999801
single_saver_shared_pool,50,aput_writes,296.10049999973853
single_saver_shared_pool,50,aput_writes,295.08839999971315
single_saver_shared_pool,50,aput_writes,294.92819999995845
single_saver_shared_pool,50,aput_writes,294.8177000002943
single_saver_shared_pool,50,aput,296.21940000015456
single_saver_shared_pool,50,aput_writes,296.16359999999986
single_saver_shared_pool,50,aput_writes,297.550499999943
single_saver_shared_pool,50,aput_writes,295.97689999991417
single_saver_shared_pool,50,aput_writes,297.33360000000175
single_saver_shared_pool,50,aput,297.7093999998033
single_saver_shared_pool,50,aput_writes,298.8958000000821
single_saver_shared_pool,50,aput_writes,298.55589999988297
single_saver_shared_pool,50,aput,295.69420000007085
single_saver_shared_pool,50,aput_writes,297.68879999983255
single_saver_shared_pool,50,aput_writes,299.55829999971684
single_saver_shared_pool,50,aput,290.30329999977766
single_saver_shared_pool,50,aput,283.7843999996039
single_saver_shared_pool,50,aput,277.0448999999644
single_saver_shared_pool,50,aput,270.92899999979636
single_saver_shared_pool,50,aput,261.6430000002765
single_saver_shared_pool,50,aput,256.52080000008937
single_saver_shared_pool,50,aput,251.13939999982904
single_saver_shared_pool,50,aput,250.38469999981317
single_saver_shared_pool,50,aput,249.7392000000218
single_saver_shared_pool,50,aput,249.22650000007707
single_saver_shared_pool,50,aput,249.08819999973275
single_saver_shared_pool,50,aput,248.96389999958046
single_saver_shared_pool,50,aput,248.46479999996518
single_saver_shared_pool,50,aput,248.10800000022937
single_saver_shared_pool,50,aput,247.6517000000058
single_saver_shared_pool,50,aput,246.75239999987753
single_saver_shared_pool,50,aput,246.53810000017984
single_saver_shared_pool,50,aput,245.28890000010506
single_saver_shared_pool,50,aput,244.64880000004996
single_saver_shared_pool,50,aput,244.05620000015915
single_saver_shared_pool,50,aput,243.30890000010186
single_saver_shared_pool,50,aput,242.69890000005034
single_saver_shared_pool,50,aput,242.67330000020593
single_saver_shared_pool,50,aput,242.1492999997099
single_saver_shared_pool,50,aput,241.8958000002931
single_saver_shared_pool,50,aput,241.93060000015976
single_saver_shared_pool,50,aput,241.51209999990897
single_saver_shared_pool,50,aput,241.2401999999929
single_saver_shared_pool,50,aput_writes,243.18110000012894
single_saver_shared_pool,50,aput,242.69440000034592
single_saver_shared_pool,50,aput,242.71029999999882
single_saver_shared_pool,50,aput_writes,244.59209999986342
single_saver_shared_pool,50,aput,244.7266999997737
single_saver_shared_pool,50,aput_writes,245.30959999992774
single_saver_shared_pool,50,aput,246.38340000001335
single_saver_shared_pool,50,aput,246.5846000000056
single_saver_shared_pool,50,aput_writes,248.5234999999193
single_saver_shared_pool,50,aput_writes,250.3735999998753
single_saver_shared_pool,50,aput_writes,249.8913999997967
single_saver_shared_pool,50,aput,250.1775999999154
single_saver_shared_pool,50,aput,250.34320000031585
single_saver_shared_pool,50,aput_writes,252.36339999992197
single_saver_shared_pool,50,aput_writes,251.89899999986665
single_saver_shared_pool,50,aput,251.68100000018967
single_saver_shared_pool,50,aput_writes,253.59070000013162
single_saver_shared_pool,50,aput_writes,254.4740999996975
single_saver_shared_pool,50,aput,252.9073000000608
single_saver_shared_pool,50,aput_writes,254.79189999987284
single_saver_shared_pool,50,aput_writes,255.94779999983075
single_saver_shared_pool,50,aput_writes,256.32580000001326
single_saver_shared_pool,50,aput_writes,255.69420000010723
single_saver_shared_pool,50,aput,255.9652000004462
single_saver_shared_pool,50,aput_writes,256.1809999997422
single_saver_shared_pool,50,aput,255.5499999998574
single_saver_shared_pool,50,aput_writes,257.189500000095
single_saver_shared_pool,50,aput_writes,258.7766000001466
single_saver_shared_pool,50,aput_writes,258.6731999999756
single_saver_shared_pool,50,aput_writes,255.81569999985732
single_saver_shared_pool,50,aput_writes,255.29450000021825
single_saver_shared_pool,50,aput_writes,257.8269000000546
single_saver_shared_pool,50,aput,257.49309999991965
single_saver_shared_pool,50,aput_writes,256.9799000002604
single_saver_shared_pool,50,aput_writes,258.6730000002717
single_saver_shared_pool,50,aput_writes,258.3733999999822
single_saver_shared_pool,50,aput_writes,257.9430000000684
single_saver_shared_pool,50,aput_writes,258.46640000008847
single_saver_shared_pool,50,aput,258.0724999997983
single_saver_shared_pool,50,aput_writes,259.9740999999085
single_saver_shared_pool,50,aput_writes,257.5621000000865
single_saver_shared_pool,50,aput_writes,257.36559999995734
single_saver_shared_pool,50,aput,256.4879000001383
single_saver_shared_pool,50,aput_writes,258.6874999997235
single_saver_shared_pool,50,aput_writes,258.3236999998917
single_saver_shared_pool,50,aput_writes,257.57300000032046
single_saver_shared_pool,50,aput_writes,259.20059999998557
single_saver_shared_pool,50,aput_writes,256.079199999931
single_saver_shared_pool,50,aput,256.1486999998124
single_saver_shared_pool,50,aput_writes,258.15609999972366
single_saver_shared_pool,50,aput_writes,259.5382999998037
single_saver_shared_pool,50,aput_writes,259.19599999997445
single_saver_shared_pool,50,aput_writes,258.5255999997571
single_saver_shared_pool,50,aput_writes,257.91039999967325
single_saver_shared_pool,50,aput_writes,256.60130000005665
single_saver_shared_pool,50,aput,256.6928999999618
single_saver_shared_pool,50,aput_writes,258.5359999998218
single_saver_shared_pool,50,aput_writes,258.2084999999097
single_saver_shared_pool,50,aput_writes,257.71130000021003
single_saver_shared_pool,50,aput_writes,259.0800000002673
single_saver_shared_pool,50,aput,259.12160000007134
single_saver_shared_pool,50,aput_writes,258.76170000037746
single_saver_shared_pool,50,aput_writes,260.0597000000562
single_saver_shared_pool,50,aput_writes,257.517800000187
single_saver_shared_pool,50,aput_writes,259.4194999996944
single_saver_shared_pool,50,aput_writes,256.02000000026237
single_saver_shared_pool,50,aput_writes,257.91960000015024
single_saver_shared_pool,50,aput,258.1198000002587
single_saver_shared_pool,50,aput,249.1899999999987
single_saver_shared_pool,50,aput,238.24869999998555
single_saver_shared_pool,50,aput,229.27710000021762
single_saver_shared_pool,50,aput,224.9818000000232
single_saver_shared_pool,50,aput,220.5736999999317
single_saver_shared_pool,50,aput,220.20040000006702
single_saver_shared_pool,50,aput,220.0966000000335
single_saver_shared_pool,50,aput,219.90950000008525
single_saver_shared_pool,50,aput,219.498499999645
single_saver_shared_pool,50,aput,219.2269000001943
single_saver_shared_pool,50,aput,219.2353999998886
single_saver_shared_pool,50,aput,219.21089999977994
single_saver_shared_pool,50,aput,218.8536000003296
single_saver_shared_pool,50,aput,218.710000000101
single_saver_shared_pool,50,aput,218.74649999972462
single_saver_shared_pool,50,aput,218.62060000012207
single_saver_shared_pool,50,aput,218.91520000008313
single_saver_shared_pool,50,aput,218.79319999970903
single_saver_shared_pool,50,aput,219.27740000000995
single_saver_shared_pool,50,aput,219.39629999997123
single_saver_shared_pool,50,aput,219.0589000001637
single_saver_shared_pool,50,aput,219.23719999995228
single_saver_shared_pool,50,aput,219.48239999983343
single_saver_shared_pool,50,aput,219.1595999997844
single_saver_shared_pool,50,aput,219.56300000010742
single_saver_shared_pool,50,aput,219.5142999999007
single_saver_shared_pool,50,aput,219.32990000004793
single_saver_shared_pool,50,aput,220.20190000012008
single_saver_shared_pool,50,aput,220.61810000013793
single_saver_shared_pool,50,aput,220.44200000027558
single_saver_shared_pool,50,aput,221.2915999998586
single_saver_shared_pool,50,aput,221.47150000000693
single_saver_shared_pool,50,aput,219.74589999990712
single_saver_shared_pool,50,aput,219.72239999968224
single_saver_shared_pool,50,aput,217.74610000011307
single_saver_shared_pool,50,aput,216.1801000002015
single_saver_shared_pool,50,aput,216.06830000018817
single_saver_shared_pool,50,aput,209.44809999991776
single_saver_shared_pool,50,aput,209.29630000000543
single_saver_shared_pool,50,aput,204.88560000012512
single_saver_shared_pool,50,aput,201.1317000001327
single_saver_shared_pool,50,aput,193.2013000000552
single_saver_shared_pool,50,aput,191.06190000002243
single_saver_shared_pool,50,aput,178.12800000001516
single_saver_shared_pool,50,aput,167.29029999987688
single_saver_shared_pool,50,aput,160.4351000000861
single_saver_shared_pool,50,aput,149.84340000000884
single_saver_shared_pool,50,aput,137.86779999963983
single_saver_shared_pool,50,aput,129.1519999999764
single_saver_shared_pool,50,aput,116.59340000005614
single_saver_shared_pool,50,aput,116.71200000000681
single_saver_shared_pool,50,aput,116.67360000001281
single_saver_shared_pool,50,aput,117.40289999988818
single_saver_shared_pool,50,aput,117.1635000000606
single_saver_shared_pool,50,aput,116.95009999994
single_saver_shared_pool,50,aput,117.60469999990164
single_saver_shared_pool,50,aput,117.31909999980417
single_saver_shared_pool,50,aput,117.2164999998131
single_saver_shared_pool,50,aput,117.85950000012235
single_saver_shared_pool,50,aput,117.80780000026425
single_saver_shared_pool,50,aput,117.75330000000395
single_saver_shared_pool,50,aput,117.5745000000461
single_saver_shared_pool,50,aput,117.45030000020051
single_saver_shared_pool,50,aput,117.66509999961272
single_saver_shared_pool,50,aput,117.35150000004069
single_saver_shared_pool,50,aput,117.49749999989945
single_saver_shared_pool,50,aput,117.40710000003673
single_saver_shared_pool,50,aput,117.64399999992747
single_saver_shared_pool,50,aput,117.60229999981675
single_saver_shared_pool,50,aput,117.341099999976
single_saver_shared_pool,50,aput,117.58979999967778
single_saver_shared_pool,50,aput,117.8661000003558
single_saver_shared_pool,50,aput,117.39259999967544
single_saver_shared_pool,50,aput,117.60530000037761
single_saver_shared_pool,50,aput,117.84520000037446
single_saver_shared_pool,50,aput,117.83190000005561
single_saver_single_conn,1,aget_tuple,2.596499999981461
single_saver_single_conn,1,aput,4.68540000019857
single_saver_single_conn,1,aput_writes,9.127700000135519
single_saver_single_conn,1,aput,8.066500000040833
single_saver_single_conn,1,aput,7.689300000038202
single_saver_single_conn,1,aput_writes,10.792399999900226
single_saver_single_conn,1,aput,6.975499999953172
single_saver_single_conn,1,aput_writes,10.288800000125775
single_saver_single_conn,1,aput,7.550700000138022
single_saver_single_conn,1,aput_writes,10.837199999969016
single_saver_single_conn,5,aget_tuple,2.6932000000670087
single_saver_single_conn,5,aget_tuple,5.032199999732256
single_saver_single_conn,5,aget_tuple,7.09690000030605
single_saver_single_conn,5,aget_tuple,9.816100000080041
single_saver_single_conn,5,aget_tuple,12.691199999608216
single_saver_single_conn,5,aput,18.709800000124233
single_saver_single_conn,5,aput_writes,22.859100000005128
single_saver_single_conn,5,aput,24.16979999998148
single_saver_single_conn,5,aput_writes,27.706099999704747
single_saver_single_conn,5,aput,28.95749999970576
single_saver_single_conn,5,aput_writes,32.46630000012374
single_saver_single_conn,5,aput,33.44710000010309
single_saver_single_conn,5,aput_writes,37.053499999728956
single_saver_single_conn,5,aput,38.154199999553384
single_saver_single_conn,5,aput_writes,42.03000000006796
single_saver_single_conn,5,aput,37.80000000006112
single_saver_single_conn,5,aput,33.22290000005523
single_saver_single_conn,5,aput,29.431100000238075
single_saver_single_conn,5,aput,25.42970000013156
single_saver_single_conn,5,aput,21.355900000344263
single_saver_single_conn,5,aput,4.875999999967462
single_saver_single_conn,5,aput,6.482400000095367
single_saver_single_conn,5,aput,8.570400000280642
single_saver_single_conn,5,aput,10.306700000001001
single_saver_single_conn,5,aput_writes,12.028699999973469
single_saver_single_conn,5,aput,14.343400000143447
single_saver_single_conn,5,aput_writes,18.461799999840878
single_saver_single_conn,5,aput_writes,19.706399999904534
single_saver_single_conn,5,aput_writes,21.2349000003087
single_saver_single_conn,5,aput_writes,24.04260000002978
single_saver_single_conn,5,aput,8.739699999750883
single_saver_single_conn,5,aput,10.988199999701465
single_saver_single_conn,5,aput,13.791800000035437
single_saver_single_conn,5,aput,16.196400000353606
single_saver_single_conn,5,aput,18.769199999951525
single_saver_single_conn,5,aput_writes,23.527800000010757
single_saver_single_conn,5,aput_writes,25.926999999683176
single_saver_single_conn,5,aput_writes,27.70650000002206
single_saver_single_conn,5,aput_writes,30.934899999920162
single_saver_single_conn,5,aput_writes,34.21539999999368
single_saver_single_conn,5,aput,8.526000000074418
single_saver_single_conn,5,aput,11.296199999833334
single_saver_single_conn,5,aput,14.10810000015772
single_saver_single_conn,5,aput,17.29059999979654
single_saver_single_conn,5,aput,19.88260000007358
single_saver_single_conn,5,aput_writes,24.21090000007098
single_saver_single_conn,5,aput_writes,26.399099999707687
single_saver_single_conn,5,aput_writes,29.853800000182673
single_saver_single_conn,5,aput_writes,32.53760000006878
single_saver_single_conn,5,aput_writes,35.425300000042625
single_saver_single_conn,20,aget_tuple,3.0861000000186323
single_saver_single_conn,20,aget_tuple,42.037900000195805
single_saver_single_conn,20,aget_tuple,44.590099999822996
single_saver_single_conn,20,aget_tuple,47.38760000009279
single_saver_single_conn,20,aget_tuple,49.72550000002229
single_saver_single_conn,20,aget_tuple,51.975100000163366
single_saver_single_conn,20,aget_tuple,54.23850000033781
single_saver_single_conn,20,aget_tuple,56.28690000003189
single_saver_single_conn,20,aget_tuple,58.39830000013535
single_saver_single_conn,20,aget_tuple,60.350999999627675
single_saver_single_conn,20,aget_tuple,62.53870000000461
single_saver_single_conn,20,aget_tuple,64.73809999988589
single_saver_single_conn,20,aget_tuple,67.26900000012392
single_saver_single_conn,20,aget_tuple,69.58010000016657
single_saver_single_conn,20,aget_tuple,71.70330000008107
single_saver_single_conn,20,aget_tuple,73.78819999985353
single_saver_single_conn,20,aget_tuple,75.89360000019951
single_saver_single_conn,20,aget_tuple,78.16000000002532
single_saver_single_conn,20,aget_tuple,80.91370000011011
single_saver_single_conn,20,aget_tuple,82.82760000020062
single_saver_single_conn,20,aput,55.063000000245665
single_saver_single_conn,20,aput_writes,59.12020000005214
single_saver_single_conn,20,aput,59.861499999897205
single_saver_single_conn,20,aput_writes,63.7007000000267
single_saver_single_conn,20,aput,64.38250000019252
single_saver_single_conn,20,aput_writes,68.65090000019336
single_saver_single_conn,20,aput,69.20140000011088
single_saver_single_conn,20,aput_writes,73.18669999995109
single_saver_single_conn,20,aput,74.24110000010842
single_saver_single_conn,20,aput_writes,78.03830000011658
single_saver_single_conn,20,aput,79.63410000002114
single_saver_single_conn,20,aput_writes,83.57230000001437
single_saver_single_conn,20,aput,84.45650000021487
single_saver_single_conn,20,aput_writes,88.03179999995336
single_saver_single_conn,20,aput,89.04299999994691
single_saver_single_conn,20,aput_writes,93.7248999998701
single_saver_single_conn,20,aput,95.01970000019355
single_saver_single_conn,20,aput_writes,99.03080000003683
single_saver_single_conn,20,aput,100.22709999975632
single_saver_single_conn,20,aput_writes,104.14819999959946
single_saver_single_conn,20,aput,105.39109999990615
single_saver_single_conn,20,aput_writes,109.32069999989835
single_saver_single_conn,20,aput,110.67809999985911
single_saver_single_conn,20,aput_writes,115.04289999993489
single_saver_single_conn,20,aput,115.66709999988234
single_saver_single_conn,20,aput_writes,119.60739999994985
single_saver_single_conn,20,aput,120.73140000029525
single_saver_single_conn,20,aput_writes,124.68030000036379
single_saver_single_conn,20,aput,126.09199999997145
single_saver_single_conn,20,aput_writes,129.6397999999499
single_saver_single_conn,20,aput,130.82410000015443
single_saver_single_conn,20,aput_writes,134.83170000017708
single_saver_single_conn,20,aput,135.49060000013924
single_saver_single_conn,20,aput_writes,140.27900000019144
single_saver_single_conn,20,aput,140.50689999976385
single_saver_single_conn,20,aput_writes,143.2890999999472
single_saver_single_conn,20,aput,142.89430000007997
single_saver_single_conn,20,aput_writes,146.4326999998775
single_saver_single_conn,20,aput,146.73940000011498
single_saver_single_conn,20,aput_writes,150.0221999999667
single_saver_single_conn,20,aput,144.16669999991427
single_saver_single_conn,20,aput,138.3510999999089
single_saver_single_conn,20,aput,133.9563999999882
single_saver_single_conn,20,aput,128.73020000006363
single_saver_single_conn,20,aput,123.9554999997381
single_saver_single_conn,20,aput,118.86890000005224
single_saver_single_conn,20,aput,114.63690000027782
single_saver_single_conn,20,aput,110.21130000017365
single_saver_single_conn,20,aput,104.59960000025603
single_saver_single_conn,20,aput,99.97889999976906
single_saver_single_conn,20,aput,95.60019999980796
single_saver_single_conn,20,aput,90.7535999999709
single_saver_single_conn,20,aput,85.86289999993824
single_saver_single_conn,20,aput,80.85400000027221
single_saver_single_conn,20,aput,75.95450000007986
single_saver_single_conn,20,aput,71.44319999997606
single_saver_single_conn,20,aput,66.89989999995305
single_saver_single_conn,20,aput,61.931900000217865
single_saver_single_conn,20,aput,59.07829999978276
single_saver_single_conn,20,aput,56.3956999999391
single_saver_single_conn,20,aput,5.367799999930867
single_saver_single_conn,20,aput,7.190299999820127
single_saver_single_conn,20,aput,9.960899999896355
single_saver_single_conn,20,aput,12.452700000267214
single_saver_single_conn,20,aput,15.254700000241428
single_saver_single_conn,20,aput_writes,17.214699999840377
single_saver_single_conn,20,aput,19.03749999974025
single_saver_single_conn,20,aput_writes,23.503100000198174
single_saver_single_conn,20,aput_writes,24.775700000191136
single_saver_single_conn,20,aput_writes,27.135099999668455
single_saver_single_conn,20,aput_writes,29.747199999746954
single_saver_single_conn,20,aput_writes,31.720599999971455
single_saver_single_conn,20,aput,32.31790000018009
single_saver_single_conn,20,aput_writes,34.33360000008179
single_saver_single_conn,20,aput,36.03750000002037
single_saver_single_conn,20,aput_writes,38.260100000115926
single_saver_single_conn,20,aput,38.0645000000186
single_saver_single_conn,20,aput_writes,40.09579999956259
single_saver_single_conn,20,aput,39.53369999999268
single_saver_single_conn,20,aput_writes,41.948499999762134
single_saver_single_conn,20,aput,41.134300000067014
single_saver_single_conn,20,aput_writes,43.39559999971243
single_saver_single_conn,20,aput,42.806500000097
single_saver_single_conn,20,aput_writes,45.0832999999875
single_saver_single_conn,20,aput,45.71899999973539
single_saver_single_conn,20,aput_writes,48.30179999999018
single_saver_single_conn,20,aput,48.255300000164425
single_saver_single_conn,20,aput_writes,50.391400000080466
single_saver_single_conn,20,aput,50.25369999975737
single_saver_single_conn,20,aput_writes,52.36319999994521
single_saver_single_conn,20,aput,51.99399999992238
single_saver_single_conn,20,aput_writes,54.50260000043272
single_saver_single_conn,20,aput,52.80880000009347
single_saver_single_conn,20,aput_writes,55.18930000016553
single_saver_single_conn,20,aput,54.43939999986469
single_saver_single_conn,20,aput_writes,56.49799999991956
single_saver_single_conn,20,aput,56.611700000303244
single_saver_single_conn,20,aput_writes,59.146399999917776
single_saver_single_conn,20,aput,59.487700000318
single_saver_single_conn,20,aput_writes,61.704700000063895
single_saver_single_conn,20,aput,8.496500000092055
single_saver_single_conn,20,aput,10.70079999999507
single_saver_single_conn,20,aput,12.556099999983417
single_saver_single_conn,20,aput,15.19540000026609
single_saver_single_conn,20,aput,17.833999999766093
single_saver_single_conn,20,aput,20.138200000019424
single_saver_single_conn,20,aput_writes,22.195000000010623
single_saver_single_conn,20,aput,23.858600000039587
single_saver_single_conn,20,aput,25.89429999989079
single_saver_single_conn,20,aput,27.80590000020311
single_saver_single_conn,20,aput,29.84340000011798
single_saver_single_conn,20,aput_writes,31.504900000072666
single_saver_single_conn,20,aput,33.28189999956521
single_saver_single_conn,20,aput_writes,39.91219999988971
single_saver_single_conn,20,aput_writes,41.2175000001298
single_saver_single_conn,20,aput_writes,42.36690000016097
single_saver_single_conn,20,aput_writes,43.92490000009275
single_saver_single_conn,20,aput_writes,47.07559999997102
single_saver_single_conn,20,aput_writes,48.63560000012512
single_saver_single_conn,20,aput_writes,49.0247000002455
single_saver_single_conn,20,aput_writes,50.78009999988353
single_saver_single_conn,20,aput_writes,52.877799999805575
single_saver_single_conn,20,aput,53.12050000020463
single_saver_single_conn,20,aput,55.2522000002682
single_saver_single_conn,20,aput,57.108099999823025
single_saver_single_conn,20,aput_writes,60.073300000112795
single_saver_single_conn,20,aput_writes,61.8160999997599
single_saver_single_conn,20,aput_writes,63.31979999959003
single_saver_single_conn,20,aput,62.55220000002737
single_saver_single_conn,20,aput_writes,64.91660000028787
single_saver_single_conn,20,aput,66.10430000000633
single_saver_single_conn,20,aput_writes,68.68000000031316
single_saver_single_conn,20,aput,66.75289999975575
single_saver_single_conn,20,aput_writes,68.98920000003272
single_saver_single_conn,20,aput,67.95650000003661
single_saver_single_conn,20,aput_writes,69.95400000005247
single_saver_single_conn,20,aput,70.63610000022891
single_saver_single_conn,20,aput_writes,73.08940000029907
single_saver_single_conn,20,aput,73.40609999982917
single_saver_single_conn,20,aput_writes,75.4732000000331
single_saver_single_conn,20,aput,7.674299999962386
single_saver_single_conn,20,aput,9.417799999937415
single_saver_single_conn,20,aput,11.822899999970105
single_saver_single_conn,20,aput,13.664399999925081
single_saver_single_conn,20,aput,15.567799999644194
single_saver_single_conn,20,aput,17.831099999966682
single_saver_single_conn,20,aput,20.02810000021782
single_saver_single_conn,20,aput,22.331499999836524
single_saver_single_conn,20,aput_writes,24.501499999587395
single_saver_single_conn,20,aput,26.06789999981629
single_saver_single_conn,20,aput,27.95460000015737
single_saver_single_conn,20,aput,29.79970000023968
single_saver_single_conn,20,aput,31.800899999780086
single_saver_single_conn,20,aput,33.92549999989569
single_saver_single_conn,20,aput,35.86700000005294
single_saver_single_conn,20,aput,37.800699999934295
single_saver_single_conn,20,aput,39.83729999981733
single_saver_single_conn,20,aput_writes,42.06579999981841
single_saver_single_conn,20,aput,43.5551000000487
single_saver_single_conn,20,aput_writes,49.94269999997414
single_saver_single_conn,20,aput_writes,51.56069999975443
single_saver_single_conn,20,aput_writes,53.0029999999897
single_saver_single_conn,20,aput_writes,54.85950000002049
single_saver_single_conn,20,aput_writes,57.008199999927456
single_saver_single_conn,20,aput_writes,58.97010000035152
single_saver_single_conn,20,aput_writes,61.775500000294414
single_saver_single_conn,20,aput_writes,63.90830000009373
single_saver_single_conn,20,aput_writes,64.30829999999332
single_saver_single_conn,20,aput_writes,66.20449999991251
single_saver_single_conn,20,aput_writes,68.22560000000522
single_saver_single_conn,20,aput_writes,70.24049999972704
single_saver_single_conn,20,aput_writes,72.28120000036142
single_saver_single_conn,20,aput_writes,74.51119999996081
single_saver_single_conn,20,aput_writes,77.54530000011073
single_saver_single_conn,20,aput,77.11819999985892
single_saver_single_conn,20,aput,79.44779999979801
single_saver_single_conn,20,aput,81.56099999996513
single_saver_single_conn,20,aput_writes,84.07949999991615
single_saver_single_conn,20,aput_writes,86.54380000007222
single_saver_single_conn,20,aput_writes,88.30229999966832
single_saver_single_conn,50,aget_tuple,7.012600000052771
single_saver_single_conn,50,aget_tuple,9.604999999737629
single_saver_single_conn,50,aget_tuple,11.936900000364403
single_saver_single_conn,50,aget_tuple,14.24059999999372
single_saver_single_conn,50,aget_tuple,16.844700000092416
single_saver_single_conn,50,aget_tuple,19.185799999831943
single_saver_single_conn,50,aget_tuple,21.550899999965623
single_saver_single_conn,50,aget_tuple,23.627900000064983
single_saver_single_conn,50,aget_tuple,25.826000000051863
single_saver_single_conn,50,aget_tuple,28.012000000217085
single_saver_single_conn,50,aget_tuple,29.84680000008666
single_saver_single_conn,50,aget_tuple,32.4863999999252
single_saver_single_conn,50,aget_tuple,34.05220000013287
single_saver_single_conn,50,aget_tuple,36.31730000006428
single_saver_single_conn,50,aget_tuple,38.88180000012653
single_saver_single_conn,50,aget_tuple,41.092200000093726
single_saver_single_conn,50,aget_tuple,43.56550000011339
single_saver_single_conn,50,aget_tuple,45.960099999774684
single_saver_single_conn,50,aget_tuple,48.411700000087876
single_saver_single_conn,50,aget_tuple,50.549400000363676
single_saver_single_conn,50,aget_tuple,52.992599999925005
single_saver_single_conn,50,aget_tuple,55.26250000002619
single_saver_single_conn,50,aget_tuple,57.523500000115746
single_saver_single_conn,50,aget_tuple,60.40619999976116
single_saver_single_conn,50,aget_tuple,62.920300000314455
single_saver_single_conn,50,aget_tuple,65.14440000000832
single_saver_single_conn,50,aget_tuple,67.48449999986406
single_saver_single_conn,50,aget_tuple,69.90080000014132
single_saver_single_conn,50,aget_tuple,72.08480000008421
single_saver_single_conn,50,aget_tuple,74.36609999967914
single_saver_single_conn,50,aget_tuple,77.14719999967201
single_saver_single_conn,50,aget_tuple,79.79670000031547
single_saver_single_conn,50,aget_tuple,82.01599999983955
single_saver_single_conn,50,aget_tuple,84.08790000021327
single_saver_single_conn,50,aget_tuple,86.15379999992001
single_saver_single_conn,50,aget_tuple,88.96780000031868
single_saver_single_conn,50,aget_tuple,91.39840000034383
single_saver_single_conn,50,aget_tuple,93.46670000013546
single_saver_single_conn,50,aget_tuple,95.62979999964227
single_saver_single_conn,50,aget_tuple,97.86399999984496
single_saver_single_conn,50,aget_tuple,99.87830000000031
single_saver_single_conn,50,aget_tuple,102.11740000022473
single_saver_single_conn,50,aget_tuple,104.4435999997404
single_saver_single_conn,50,aget_tuple,108.87249999996129
single_saver_single_conn,50,aget_tuple,111.06380000001081
single_saver_single_conn,50,aget_tuple,113.2382000000689
single_saver_single_conn,50,aget_tuple,115.20950000021912
single_saver_single_conn,50,aget_tuple,117.39919999990889
single_saver_single_conn,50,aget_tuple,119.69930000032036
single_saver_single_conn,50,aget_tuple,122.09540000003472
single_saver_single_conn,50,aput,129.5460000001185
single_saver_single_conn,50,aput_writes,133.39249999989988
single_saver_single_conn,50,aput,134.20880000012403
single_saver_single_conn,50,aput_writes,137.72400000016205
single_saver_single_conn,50,aput,138.79819999965548
single_saver_single_conn,50,aput_writes,142.5413000001754
single_saver_single_conn,50,aput,143.35609999989174
single_saver_single_conn,50,aput_writes,147.90949999996883
single_saver_single_conn,50,aput,148.70179999979882
single_saver_single_conn,50,aput_writes,152.71260000008624
single_saver_single_conn,50,aput,153.48859999994602
single_saver_single_conn,50,aput_writes,157.11190000001807
single_saver_single_conn,50,aput,158.1728999999541
single_saver_single_conn,50,aput_writes,161.70770000007906
single_saver_single_conn,50,aput,162.8880000002937
single_saver_single_conn,50,aput_writes,166.59359999994194
single_saver_single_conn,50,aput,166.9078999998419
single_saver_single_conn,50,aput_writes,171.05209999999715
single_saver_single_conn,50,aput,171.70610000039233
single_saver_single_conn,50,aput_writes,175.6098999999267
single_saver_single_conn,50,aput,176.81669999956284
single_saver_single_conn,50,aput_writes,180.5608999998185
single_saver_single_conn,50,aput,181.73440000009577
single_saver_single_conn,50,aput_writes,186.0543000002508
single_saver_single_conn,50,aput,187.5433999998677
single_saver_single_conn,50,aput_writes,191.78800000008778
single_saver_single_conn,50,aput,192.228299999897
single_saver_single_conn,50,aput_writes,196.32689999980357
single_saver_single_conn,50,aput,197.13519999959317
single_saver_single_conn,50,aput_writes,200.45500000014727
single_saver_single_conn,50,aput,201.39479999988907
single_saver_single_conn,50,aput_writes,205.13230000005933
single_saver_single_conn,50,aput,206.12679999976535
single_saver_single_conn,50,aput_writes,209.02509999996255
single_saver_single_conn,50,aput,209.6160000000964
single_saver_single_conn,50,aput_writes,213.9510000001792
single_saver_single_conn,50,aput,214.87929999966582
single_saver_single_conn,50,aput_writes,219.28289999959816
single_saver_single_conn,50,aput,220.15620000001945
single_saver_single_conn,50,aput_writes,225.08229999994
single_saver_single_conn,50,aput,225.3937999998925
single_saver_single_conn,50,aput_writes,229.54450000042925
single_saver_single_conn,50,aput,230.99359999969238
single_saver_single_conn,50,aput_writes,235.09100000001126
single_saver_single_conn,50,aput,235.62219999985246
single_saver_single_conn,50,aput_writes,239.59749999994528
single_saver_single_conn,50,aput,240.58079999986148
single_saver_single_conn,50,aput_writes,244.22120000008363
single_saver_single_conn,50,aput,245.89730000025156
single_saver_single_conn,50,aput_writes,249.06099999998332
single_saver_single_conn,50,aput,250.6044000001566
single_saver_single_conn,50,aput_writes,254.52229999973497
single_saver_single_conn,50,aput,256.13609999982145
single_saver_single_conn,50,aput_writes,259.9583999999595
single_saver_single_conn,50,aput,260.06839999990916
single_saver_single_conn,50,aput_writes,264.4116999999824
single_saver_single_conn,50,aput,265.6826000002184
single_saver_single_conn,50,aput_writes,269.4720999998026
single_saver_single_conn,50,aput,270.1827000000776
single_saver_single_conn,50,aput_writes,274.25339999990683
single_saver_single_conn,50,aput,274.025299999721
single_saver_single_conn,50,aput_writes,279.42010000015216
single_saver_single_conn,50,aput,279.5026000003418
single_saver_single_conn,50,aput_writes,283.9197999996941
single_saver_single_conn,50,aput,284.20520000008764
single_saver_single_conn,50,aput_writes,288.56339999992997
single_saver_single_conn,50,aput,289.9361999998291
single_saver_single_conn,50,aput_writes,293.4540000001107
single_saver_single_conn,50,aput,294.23339999993914
single_saver_single_conn,50,aput_writes,297.163300000193
single_saver_single_conn,50,aput,297.2601000001305
single_saver_single_conn,50,aput_writes,299.8250000000553
single_saver_single_conn,50,aput,300.37769999989905
single_saver_single_conn,50,aput_writes,303.14309999994293
single_saver_single_conn,50,aput,304.13220000036745
single_saver_single_conn,50,aput_writes,307.1293000002697
single_saver_single_conn,50,aput,307.63800000022457
single_saver_single_conn,50,aput_writes,310.3809999997793
single_saver_single_conn,50,aput,310.63019999965036
single_saver_single_conn,50,aput_writes,313.5940000001938
single_saver_single_conn,50,aput,313.9037000000826
single_saver_single_conn,50,aput_writes,317.7991999996266
single_saver_single_conn,50,aput,317.91419999990467
single_saver_single_conn,50,aput_writes,321.0572999996657
single_saver_single_conn,50,aput,319.31010000016613
single_saver_single_conn,50,aput_writes,322.6306999999906
single_saver_single_conn,50,aput,322.6699000001645
single_saver_single_conn,50,aput_writes,326.1203000001842
single_saver_single_conn,50,aput,326.5694000001531
single_saver_single_conn,50,aput_writes,329.79889999978695
single_saver_single_conn,50,aput,329.90490000020145
single_saver_single_conn,50,aput_writes,332.80820000027234
single_saver_single_conn,50,aput,333.37529999971593
single_saver_single_conn,50,aput_writes,336.4234000000579
single_saver_single_conn,50,aput,336.92259999997987
single_saver_single_conn,50,aput_writes,340.00949999972363
single_saver_single_conn,50,aput,340.0138000001789
single_saver_single_conn,50,aput_writes,342.9409000000305
single_saver_single_conn,50,aput,343.21799999997893
single_saver_single_conn,50,aput_writes,346.14170000031663
single_saver_single_conn,50,aput,340.36409999998796
single_saver_single_conn,50,aput,335.7488999999987
single_saver_single_conn,50,aput,331.86209999985294
single_saver_single_conn,50,aput,327.32229999965057
single_saver_single_conn,50,aput,322.128000000248
single_saver_single_conn,50,aput,317.3349999997299
single_saver_single_conn,50,aput,313.27369999962684
single_saver_single_conn,50,aput,309.0671999998449
single_saver_single_conn,50,aput,304.57509999996546
single_saver_single_conn,50,aput,300.0397000000703
single_saver_single_conn,50,aput,295.05139999992025
single_saver_single_conn,50,aput,290.8262000000832
single_saver_single_conn,50,aput,285.56550000030256
single_saver_single_conn,50,aput,282.33860000000277
single_saver_single_conn,50,aput,277.83069999986765
single_saver_single_conn,50,aput,274.4110000003275
single_saver_single_conn,50,aput,270.3438999997161
single_saver_single_conn,50,aput,267.8832000001421
single_saver_single_conn,50,aput_writes,270.0383999999758
single_saver_single_conn,50,aput_writes,271.2713999999323
single_saver_single_conn,50,aput_writes,270.36409999982425
single_saver_single_conn,50,aput,270.78860000028726
single_saver_single_conn,50,aput_writes,273.1840999999804
single_saver_single_conn,50,aput_writes,274.07810000022437
single_saver_single_conn,50,aput_writes,273.3983999996781
single_saver_single_conn,50,aput,273.7655000000814
single_saver_single_conn,50,aput_writes,276.3468000002831
single_saver_single_conn,50,aput_writes,276.9596999996793
single_saver_single_conn,50,aput_writes,277.24540000008346
single_saver_single_conn,50,aput,276.50679999987915
single_saver_single_conn,50,aput_writes,278.3719000003657
single_saver_single_conn,50,aput_writes,280.28879999965284
single_saver_single_conn,50,aput_writes,279.83350000022256
single_saver_single_conn,50,aput_writes,280.65349999997125
single_saver_single_conn,50,aput,282.1984000001976
single_saver_single_conn,50,aput_writes,284.4697999998971
single_saver_single_conn,50,aput_writes,283.8326999999481
single_saver_single_conn,50,aput_writes,284.15839999979653
single_saver_single_conn,50,aput,286.1898999999539
single_saver_single_conn,50,aput_writes,287.5767000000451
single_saver_single_conn,50,aput_writes,286.2153999999464
single_saver_single_conn,50,aput_writes,287.3927000000549
single_saver_single_conn,50,aput,288.8886000000639
single_saver_single_conn,50,aput_writes,291.85310000002573
single_saver_single_conn,50,aput_writes,290.4014000000643
single_saver_single_conn,50,aput_writes,291.53569999971296
single_saver_single_conn,50,aput,292.08010000002105
single_saver_single_conn,50,aput_writes,293.83929999994507
single_saver_single_conn,50,aput_writes,292.8313000002163
single_saver_single_conn,50,aput_writes,294.21610000008513
single_saver_single_conn,50,aput,295.02210000009654
single_saver_single_conn,50,aput_writes,297.0688999998856
single_saver_single_conn,50,aput_writes,295.53809999970326
single_saver_single_conn,50,aput_writes,296.88149999992675
single_saver_single_conn,50,aput,298.1800000002295
single_saver_single_conn,50,aput_writes,302.10459999989325
single_saver_single_conn,50,aput_writes,302.58550000007745
single_saver_single_conn,50,aput,301.1977000001025
single_saver_single_conn,50,aput_writes,303.14339999995354
single_saver_single_conn,50,aput_writes,304.33320000020103
single_saver_single_conn,50,aput_writes,302.8241000001799
single_saver_single_conn,50,aput_writes,303.92929999970875
single_saver_single_conn,50,aput,304.4980999998188
single_saver_single_conn,50,aput_writes,306.32829999967726
single_saver_single_conn,50,aput_writes,305.1604000002044
single_saver_single_conn,50,aput_writes,306.0669000001326
single_saver_single_conn,50,aput,306.79609999970126
single_saver_single_conn,50,aput_writes,308.68210000016916
single_saver_single_conn,50,aput_writes,307.94909999985975
single_saver_single_conn,50,aput,307.1591000002627
single_saver_single_conn,50,aput_writes,309.35100000033344
single_saver_single_conn,50,aput_writes,310.77060000006895
single_saver_single_conn,50,aput_writes,311.1785000000964
single_saver_single_conn,50,aput,308.8557999999466
single_saver_single_conn,50,aput_writes,310.7850999999755
single_saver_single_conn,50,aput_writes,311.33530000033716
single_saver_single_conn,50,aput_writes,311.54430000015054
single_saver_single_conn,50,aput,311.07739999970363
single_saver_single_conn,50,aput_writes,312.85969999998997
single_saver_single_conn,50,aput_writes,313.72730000020965
single_saver_single_conn,50,aput_writes,312.1785000003001
single_saver_single_conn,50,aput_writes,312.9428000002008
single_saver_single_conn,50,aput,314.1943999999057
single_saver_single_conn,50,aput_writes,315.60999999965134
single_saver_single_conn,50,aput,312.32390000013766
single_saver_single_conn,50,aput,309.1948000001139
single_saver_single_conn,50,aput,306.3780000002225
single_saver_single_conn,50,aput,303.32510000016555
single_saver_single_conn,50,aput,299.8572999999851
single_saver_single_conn,50,aput,297.1498999995674
single_saver_single_conn,50,aput,294.6164999998473
single_saver_single_conn,50,aput,291.33009999986825
single_saver_single_conn,50,aput,288.2801999999174
single_saver_single_conn,50,aput,284.72099999999045
single_saver_single_conn,50,aput,281.2725000003411
single_saver_single_conn,50,aput,278.3372999997482
single_saver_single_conn,50,aput,275.27050000026065
single_saver_single_conn,50,aput,272.15350000005856
single_saver_single_conn,50,aput,268.834699999843
single_saver_single_conn,50,aput,265.900800000054
single_saver_single_conn,50,aput,262.6768999998603
single_saver_single_conn,50,aput,262.14699999991353
single_saver_single_conn,50,aput,261.0653000001548
single_saver_single_conn,50,aput,260.84380000020246
single_saver_single_conn,50,aput,260.2941000000101
single_saver_single_conn,50,aput,259.94760000003225
single_saver_single_conn,50,aput,259.1064999996888
single_saver_single_conn,50,aput,258.63170000002356
single_saver_single_conn,50,aput,258.0941000001076
single_saver_single_conn,50,aput,257.6908999999432
single_saver_single_conn,50,aput,257.18910000023243
single_saver_single_conn,50,aput,257.3250000000371
single_saver_single_conn,50,aput,257.40429999996195
single_saver_single_conn,50,aput_writes,259.24269999995886
single_saver_single_conn,50,aput_writes,260.8322999999473
single_saver_single_conn,50,aput,260.7001000001219
single_saver_single_conn,50,aput_writes,262.8069000002142
single_saver_single_conn,50,aput,262.0661000000837
single_saver_single_conn,50,aput_writes,263.47579999992377
single_saver_single_conn,50,aput,263.13640000034866
single_saver_single_conn,50,aput_writes,265.1688999999351
single_saver_single_conn,50,aput,264.5668000000114
single_saver_single_conn,50,aput_writes,267.3416000002362
single_saver_single_conn,50,aput_writes,267.97960000021703
single_saver_single_conn,50,aput,268.67959999981395
single_saver_single_conn,50,aput_writes,271.39390000002095
single_saver_single_conn,50,aput_writes,270.8511000000726
single_saver_single_conn,50,aput_writes,268.89040000014575
single_saver_single_conn,50,aput_writes,270.78199999959907
single_saver_single_conn,50,aput,269.88159999973504
single_saver_single_conn,50,aput_writes,272.04210000036255
single_saver_single_conn,50,aput_writes,273.3912000003329
single_saver_single_conn,50,aput_writes,272.4097999998776
single_saver_single_conn,50,aput_writes,272.4981999999727
single_saver_single_conn,50,aput_writes,273.453199999949
single_saver_single_conn,50,aput,275.57789999991655
single_saver_single_conn,50,aput_writes,278.19149999959336
single_saver_single_conn,50,aput_writes,276.7367999999806
single_saver_single_conn,50,aput_writes,277.80589999974836
single_saver_single_conn,50,aput_writes,278.37110000018583
single_saver_single_conn,50,aput,277.661199999784
single_saver_single_conn,50,aput_writes,278.3537000000251
single_saver_single_conn,50,aput_writes,279.9989000000096
single_saver_single_conn,50,aput_writes,280.0323000001299
single_saver_single_conn,50,aput_writes,277.4631000002046
single_saver_single_conn,50,aput_writes,279.27890000000843
single_saver_single_conn,50,aput,279.51549999988856
single_saver_single_conn,50,aput_writes,281.85060000032536
single_saver_single_conn,50,aput_writes,282.46500000022934
single_saver_single_conn,50,aput_writes,284.5228999999563
single_saver_single_conn,50,aput_writes,283.9062000002741
single_saver_single_conn,50,aput_writes,284.7547000001214
single_saver_single_conn,50,aput,285.48380000029283
single_saver_single_conn,50,aput_writes,286.0117000000173
single_saver_single_conn,50,aput_writes,287.6226000003044
single_saver_single_conn,50,aput_writes,286.43220000003566
single_saver_single_conn,50,aput_writes,289.104199999656
single_saver_single_conn,50,aput,288.8487999998688
single_saver_single_conn,50,aput_writes,290.8508000000438
single_saver_single_conn,50,aput_writes,290.20170000012513
single_saver_single_conn,50,aput_writes,291.70780000004015
single_saver_single_conn,50,aput_writes,289.75190000028306
single_saver_single_conn,50,aput_writes,290.76230000009673
single_saver_single_conn,50,aput,291.5216000001237
single_saver_single_conn,50,aput_writes,291.5352999998504
single_saver_single_conn,50,aput_writes,292.7002999999786
single_saver_single_conn,50,aput_writes,293.5041999999157
single_saver_single_conn,50,aput,290.4407999999421
single_saver_single_conn,50,aput_writes,292.7092999998422
single_saver_single_conn,50,aput_writes,292.32690000026196
single_saver_single_conn,50,aput_writes,293.7835000002451
single_saver_single_conn,50,aput_writes,291.8961999998828
single_saver_single_conn,50,aput_writes,293.11769999958415
single_saver_single_conn,50,aput,292.2453000001042
single_saver_single_conn,50,aput_writes,294.27229999964766
single_saver_single_conn,50,aput_writes,294.0088000000287
single_saver_single_conn,50,aput_writes,294.6003000001838
single_saver_single_conn,50,aput,291.6330999996717
single_saver_single_conn,50,aput,282.6977999998235
single_saver_single_conn,50,aput,275.9203000000525
single_saver_single_conn,50,aput,271.04110000027504
single_saver_single_conn,50,aput,264.0033000002404
single_saver_single_conn,50,aput,257.15290000016466
single_saver_single_conn,50,aput,248.47589999990305
single_saver_single_conn,50,aput,246.10970000003363
single_saver_single_conn,50,aput,245.4201999998986
single_saver_single_conn,50,aput,244.66929999971399
single_saver_single_conn,50,aput,244.1188000002512
single_saver_single_conn,50,aput,243.9990000002581
single_saver_single_conn,50,aput,243.53279999968436
single_saver_single_conn,50,aput,242.62799999996787
single_saver_single_conn,50,aput,241.65799999991577
single_saver_single_conn,50,aput,241.16239999966638
single_saver_single_conn,50,aput,240.86609999994835
single_saver_single_conn,50,aput,240.16830000027767
single_saver_single_conn,50,aput,241.15189999974973
single_saver_single_conn,50,aput,240.6421999999111
single_saver_single_conn,50,aput,240.0086999996347
single_saver_single_conn,50,aput,239.98389999997016
single_saver_single_conn,50,aput,239.23799999965922
single_saver_single_conn,50,aput,239.33590000024196
single_saver_single_conn,50,aput,239.46350000005623
single_saver_single_conn,50,aput,239.76670000001832
single_saver_single_conn,50,aput,239.9967999999717
single_saver_single_conn,50,aput,239.86729999978706
single_saver_single_conn,50,aput,239.82759999989867
single_saver_single_conn,50,aput,239.6733000000495
single_saver_single_conn,50,aput,239.62900000014997
single_saver_single_conn,50,aput,239.95389999981853
single_saver_single_conn,50,aput,239.87179999994623
single_saver_single_conn,50,aput,239.49100000027101
single_saver_single_conn,50,aput_writes,241.72619999990275
single_saver_single_conn,50,aput_writes,243.06919999980892
single_saver_single_conn,50,aput,243.00330000005488
single_saver_single_conn,50,aput_writes,245.11519999987286
single_saver_single_conn,50,aput,244.76569999978892
single_saver_single_conn,50,aput_writes,245.068899999751
single_saver_single_conn,50,aput_writes,244.20169999984864
single_saver_single_conn,50,aput,244.22370000002047
single_saver_single_conn,50,aput_writes,246.12829999978203
single_saver_single_conn,50,aput_writes,247.59119999998802
single_saver_single_conn,50,aput_writes,247.35039999995934
single_saver_single_conn,50,aput,247.76879999990342
single_saver_single_conn,50,aput_writes,247.66460000000734
single_saver_single_conn,50,aput,247.73740000000544
single_saver_single_conn,50,aput_writes,247.58059999976467
single_saver_single_conn,50,aput_writes,249.49000000015076
single_saver_single_conn,50,aput,249.15539999983594
single_saver_single_conn,50,aput_writes,251.14080000003014
single_saver_single_conn,50,aput_writes,252.5295999998889
single_saver_single_conn,50,aput_writes,250.52439999990384
single_saver_single_conn,50,aput,250.70409999989351
single_saver_single_conn,50,aput_writes,252.50019999975848
single_saver_single_conn,50,aput_writes,253.4773000002133
single_saver_single_conn,50,aput_writes,251.8497999999454
single_saver_single_conn,50,aput_writes,250.9845999998106
single_saver_single_conn,50,aput_writes,250.9050000003299
single_saver_single_conn,50,aput_writes,252.33929999967586
single_saver_single_conn,50,aput,252.99300000006042
single_saver_single_conn,50,aput_writes,250.38230000018302
single_saver_single_conn,50,aput_writes,252.34479999971882
single_saver_single_conn,50,aput_writes,251.65699999979552
single_saver_single_conn,50,aput_writes,248.9187999999558
single_saver_single_conn,50,aput_writes,250.27700000009645
single_saver_single_conn,50,aput,249.15499999997337
single_saver_single_conn,50,aput_writes,251.1176000002706
single_saver_single_conn,50,aput_writes,250.3761000002669
single_saver_single_conn,50,aput_writes,252.15570000000298
single_saver_single_conn,50,aput_writes,251.18780000002516
single_saver_single_conn,50,aput_writes,251.29569999990053
single_saver_single_conn,50,aput,248.84609999980967
single_saver_single_conn,50,aput_writes,250.4561000000649
single_saver_single_conn,50,aput_writes,253.00709999964965
single_saver_single_conn,50,aput_writes,250.29469999981302
single_saver_single_conn,50,aput_writes,252.3151999998845
single_saver_single_conn,50,aput_writes,251.1280000003353
single_saver_single_conn,50,aput_writes,249.2592000003242
single_saver_single_conn,50,aput_writes,251.05179999991378
single_saver_single_conn,50,aput,250.4316999998082
single_saver_single_conn,50,aput_writes,251.36639999982435
single_saver_single_conn,50,aput_writes,251.8380999999863
single_saver_single_conn,50,aput_writes,250.5914000003031
single_saver_single_conn,50,aput_writes,251.9670000001497
single_saver_single_conn,50,aput_writes,251.86430000030668
single_saver_single_conn,50,aput_writes,248.18869999990056
single_saver_single_conn,50,aput,247.92019999995318
single_saver_single_conn,50,aput_writes,249.75020000010772
single_saver_single_conn,50,aput_writes,251.60319999986314
single_saver_single_conn,50,aput_writes,248.6548000001676
single_saver_single_conn,50,aput_writes,250.40390000003754
single_saver_single_conn,50,aput_writes,247.21240000008038
single_saver_single_conn,50,aput_writes,249.0789000003133
single_saver_single_conn,50,aput_writes,249.9892999999247
single_saver_single_conn,50,aput,250.1166000001831
single_saver_single_conn,50,aput,238.39240000006612
single_saver_single_conn,50,aput,231.54739999972662
single_saver_single_conn,50,aput,220.92800000018542
single_saver_single_conn,50,aput,213.8041000002886
single_saver_single_conn,50,aput,213.89060000001336
single_saver_single_conn,50,aput,213.5785999998916
single_saver_single_conn,50,aput,213.58310000005076
single_saver_single_conn,50,aput,213.4581000000253
single_saver_single_conn,50,aput,213.42289999984132
single_saver_single_conn,50,aput,213.41679999977714
single_saver_single_conn,50,aput,213.20569999988948
single_saver_single_conn,50,aput,213.08100000032937
single_saver_single_conn,50,aput,213.19999999968786
single_saver_single_conn,50,aput,213.21320000015476
single_saver_single_conn,50,aput,213.28899999980422
single_saver_single_conn,50,aput,213.20250000007945
single_saver_single_conn,50,aput,213.5937000002741
single_saver_single_conn,50,aput,214.17729999984658
single_saver_single_conn,50,aput,214.06039999965287
single_saver_single_conn,50,aput,214.23129999993762
single_saver_single_conn,50,aput,214.4941999999901
single_saver_single_conn,50,aput,213.23239999992438
single_saver_single_conn,50,aput,213.52389999992738
single_saver_single_conn,50,aput,213.65210000021762
single_saver_single_conn,50,aput,213.36079999991853
single_saver_single_conn,50,aput,213.45990000008896
single_saver_single_conn,50,aput,213.32170000005135
single_saver_single_conn,50,aput,213.09629999996105
single_saver_single_conn,50,aput,212.77999999983876
single_saver_single_conn,50,aput,212.54039999985253
single_saver_single_conn,50,aput,212.5249000000622
single_saver_single_conn,50,aput,212.54189999990558
single_saver_single_conn,50,aput,212.73950000022523
single_saver_single_conn,50,aput,212.59589999999662
single_saver_single_conn,50,aput,212.78339999980744
single_saver_single_conn,50,aput,212.79920000006314
single_saver_single_conn,50,aput,213.01640000001498
single_saver_single_conn,50,aput,208.68190000010145
single_saver_single_conn,50,aput,206.49990000038088
single_saver_single_conn,50,aput,201.9788000002336
single_saver_single_conn,50,aput,196.20350000013786
single_saver_single_conn,50,aput,194.09659999973883
single_saver_single_conn,50,aput,190.4365999998845
single_saver_single_conn,50,aput,183.52780000031998
single_saver_single_conn,50,aput,171.91589999993084
single_saver_single_conn,50,aput,162.13639999978113
single_saver_single_conn,50,aput,151.84790000012072
single_saver_single_conn,50,aput,137.02880000028017
single_saver_single_conn,50,aput,125.04709999984698
single_saver_single_conn,50,aput,110.90390000026673
single_saver_single_conn,50,aput,111.47400000027119
single_saver_single_conn,50,aput,111.55439999993177
single_saver_single_conn,50,aput,111.21260000027178
single_saver_single_conn,50,aput,111.64800000005926
single_saver_single_conn,50,aput,111.5285999999287
single_saver_single_conn,50,aput,111.07750000019223
single_saver_single_conn,50,aput,110.8817999997882
single_saver_single_conn,50,aput,110.8262999996441
single_saver_single_conn,50,aput,110.30970000001616
single_saver_single_conn,50,aput,110.32939999995506
single_saver_single_conn,50,aput,110.65559999997276
single_saver_single_conn,50,aput,110.73360000000321
single_saver_single_conn,50,aput,110.8048000000963
single_saver_single_conn,50,aput,110.78740000039033
single_saver_single_conn,50,aput,110.31359999969936
single_saver_single_conn,50,aput,110.25680000011562
single_saver_single_conn,50,aput,110.6737999998586
single_saver_single_conn,50,aput,110.20499999995081
single_saver_single_conn,50,aput,110.38129999997182
single_saver_single_conn,50,aput,110.4005999995934
single_saver_single_conn,50,aput,110.23620000014489
single_saver_single_conn,50,aput,110.44000000038068
single_saver_single_conn,50,aput,110.51760000009381
single_saver_single_conn,50,aput,110.39359999995213
single_saver_single_conn,50,aput,110.71390000006431
single_saver_single_conn,50,aput,111.04260000001887
per_run_own_conn,1,aget_tuple,3.1513999997514475
per_run_own_conn,1,aput,8.95330000003014
per_run_own_conn,1,aput_writes,12.596300000041083
per_run_own_conn,1,aput,7.560900000044057
per_run_own_conn,1,aput,7.789499999944383
per_run_own_conn,1,aput_writes,11.097099999915372
per_run_own_conn,1,aput,7.853300000078889
per_run_own_conn,1,aput_writes,11.086299999988114
per_run_own_conn,1,aput,6.9668999999521475
per_run_own_conn,1,aput_writes,10.247700000036275
per_run_own_conn,5,aget_tuple,11.64199999993798
per_run_own_conn,5,aget_tuple,16.49279999992359
per_run_own_conn,5,aget_tuple,10.053800000150659
per_run_own_conn,5,aget_tuple,8.207999999740423
per_run_own_conn,5,aget_tuple,6.010900000092079
per_run_own_conn,5,aput,12.830099999973754
per_run_own_conn,5,aput,13.758099999904516
per_run_own_conn,5,aput,10.553900000104477
per_run_own_conn,5,aput,12.433800000053452
per_run_own_conn,5,aput,16.26159999977972
per_run_own_conn,5,aput_writes,16.589099999691825
per_run_own_conn,5,aput,10.39340000033917
per_run_own_conn,5,aput_writes,22.331000000122003
per_run_own_conn,5,aput_writes,24.052100000062637
per_run_own_conn,5,aput_writes,21.050699999705103
per_run_own_conn,5,aput_writes,26.547500000106083
per_run_own_conn,5,aput,15.62019999983022
per_run_own_conn,5,aput,17.48760000009497
per_run_own_conn,5,aput,17.677700000149343
per_run_own_conn,5,aput,17.31389999986277
per_run_own_conn,5,aput,9.909500000048865
per_run_own_conn,5,aput,8.609999999862339
per_run_own_conn,5,aput,11.218099999950937
per_run_own_conn,5,aput,9.285999999974592
per_run_own_conn,5,aput,10.672400000203197
per_run_own_conn,5,aput_writes,13.745900000230904
per_run_own_conn,5,aput_writes,14.74850000022343
per_run_own_conn,5,aput_writes,14.76299999967523
per_run_own_conn,5,aput_writes,16.370199999983015
per_run_own_conn,5,aput_writes,14.578899999833084
per_run_own_conn,5,aput,9.690300000329444
per_run_own_conn,5,aput,10.942099999738275
per_run_own_conn,5,aput,10.681699999622651
per_run_own_conn,5,aput,10.292000000390544
per_run_own_conn,5,aput,9.910100000070088
per_run_own_conn,5,aput_writes,13.12450000023091
per_run_own_conn,5,aput_writes,14.47020000023258
per_run_own_conn,5,aput_writes,15.234499999678519
per_run_own_conn,5,aput_writes,15.764800000397372
per_run_own_conn,5,aput_writes,14.888499999869964
per_run_own_conn,5,aput,9.15179999992688
per_run_own_conn,5,aput,9.458600000016304
per_run_own_conn,5,aput,10.600500000236934
per_run_own_conn,5,aput,10.373499999786873
per_run_own_conn,5,aput,10.16410000011092
per_run_own_conn,5,aput_writes,12.812299999950483
per_run_own_conn,5,aput_writes,14.191700000083074
per_run_own_conn,5,aput_writes,15.546999999969557
per_run_own_conn,5,aput_writes,15.503200000239303
per_run_own_conn,5,aput_writes,15.086200000041572
per_run_own_conn,20,aget_tuple,117.60730000014519
per_run_own_conn,20,aget_tuple,94.18819999973493
per_run_own_conn,20,aget_tuple,92.12309999975332
per_run_own_conn,20,aget_tuple,89.31670000038139
per_run_own_conn,20,aget_tuple,83.9123999999174
per_run_own_conn,20,aget_tuple,87.64810000002399
per_run_own_conn,20,aget_tuple,55.680199999642355
per_run_own_conn,20,aget_tuple,53.17110000032699
per_run_own_conn,20,aget_tuple,50.58779999990293
per_run_own_conn,20,aget_tuple,47.82549999981711
per_run_own_conn,20,aget_tuple,44.538099999954284
per_run_own_conn,20,aget_tuple,38.643599999886646
per_run_own_conn,20,aget_tuple,35.154200000306446
per_run_own_conn,20,aget_tuple,44.62289999992208
per_run_own_conn,20,aget_tuple,33.440799999880255
per_run_own_conn,20,aget_tuple,30.88499999967098
per_run_own_conn,20,aget_tuple,16.08299999998053
per_run_own_conn,20,aget_tuple,25.13859999999113
per_run_own_conn,20,aget_tuple,31.259700000191515
per_run_own_conn,20,aget_tuple,24.038300000029267
per_run_own_conn,20,aput,45.72490000009566
per_run_own_conn,20,aput,33.17719999995461
per_run_own_conn,20,aput,31.742499999836582
per_run_own_conn,20,aput,34.034799999972165
per_run_own_conn,20,aput,26.556499999969674
per_run_own_conn,20,aput,21.641299999828334
per_run_own_conn,20,aput,27.30969999993249
per_run_own_conn,20,aput,16.446000000087224
per_run_own_conn,20,aput,21.594199999981356
per_run_own_conn,20,aput,17.48120000002018
per_run_own_conn,20,aput,25.2280000004248
per_run_own_conn,20,aput,24.295300000176212
per_run_own_conn,20,aput,23.31270000013319
per_run_own_conn,20,aput,18.991400000231806
per_run_own_conn,20,aput,36.039699999946606
per_run_own_conn,20,aput,33.74749999966298
per_run_own_conn,20,aput,30.845299999782583
per_run_own_conn,20,aput,29.15309999980309
per_run_own_conn,20,aput,20.652100000006612
per_run_own_conn,20,aput,29.928799999652256
per_run_own_conn,20,aput_writes,52.9673000000912
per_run_own_conn,20,aput,20.79230000026655
per_run_own_conn,20,aput_writes,60.64750000041386
per_run_own_conn,20,aput_writes,54.68489999975645
per_run_own_conn,20,aput_writes,61.633400000118854
per_run_own_conn,20,aput_writes,46.32599999968079
per_run_own_conn,20,aput_writes,55.694300000141084
per_run_own_conn,20,aput_writes,50.529500000266125
per_run_own_conn,20,aput_writes,42.70439999982045
per_run_own_conn,20,aput_writes,49.96840000012526
per_run_own_conn,20,aput_writes,60.82770000011806
per_run_own_conn,20,aput_writes,61.67460000006031
per_run_own_conn,20,aput_writes,53.85660000001735
per_run_own_conn,20,aput_writes,64.62499999997817
per_run_own_conn,20,aput_writes,46.62430000007589
per_run_own_conn,20,aput_writes,59.50650000022506
per_run_own_conn,20,aput_writes,58.571199999732926
per_run_own_conn,20,aput_writes,54.066900000179885
per_run_own_conn,20,aput_writes,53.1010999998216
per_run_own_conn,20,aput_writes,58.80399999978181
per_run_own_conn,20,aput_writes,50.28549999997267
per_run_own_conn,20,aput,31.584399999701418
per_run_own_conn,20,aput,40.42249999974956
per_run_own_conn,20,aput,41.236099999878206
per_run_own_conn,20,aput,41.61160000012387
per_run_own_conn,20,aput,40.39629999988392
per_run_own_conn,20,aput,41.64959999980056
per_run_own_conn,20,aput,40.66960000000108
per_run_own_conn,20,aput,41.58739999957106
per_run_own_conn,20,aput,41.32560000016383
per_run_own_conn,20,aput,41.360200000326586
per_run_own_conn,20,aput,40.673900000001595
per_run_own_conn,20,aput,40.6622000000425
per_run_own_conn,20,aput,41.420799999741575
per_run_own_conn,20,aput,40.671199999906094
per_run_own_conn,20,aput,40.56119999995644
per_run_own_conn,20,aput,42.00330000003305
per_run_own_conn,20,aput,41.78760000013426
per_run_own_conn,20,aput,42.04769999978453
per_run_own_conn,20,aput,41.801000000305066
per_run_own_conn,20,aput,3.6606999997275125
per_run_own_conn,20,aput_writes,5.976999999802501
per_run_own_conn,20,aput,7.382300000244868
per_run_own_conn,20,aput,6.300700000338111
per_run_own_conn,20,aput,5.347100000108185
per_run_own_conn,20,aput,6.803399999625981
per_run_own_conn,20,aput,5.976100000225415
per_run_own_conn,20,aput,4.4990000001234876
per_run_own_conn,20,aput_writes,14.792399999805639
per_run_own_conn,20,aput_writes,14.270099999976082
per_run_own_conn,20,aput_writes,13.697699999738688
per_run_own_conn,20,aput_writes,12.871899999936431
per_run_own_conn,20,aput_writes,13.321200000063982
per_run_own_conn,20,aput,10.168100000100821
per_run_own_conn,20,aput,9.227600000031089
per_run_own_conn,20,aput,8.823300000130985
per_run_own_conn,20,aput,9.797299999718234
per_run_own_conn,20,aput,7.261600000219914
per_run_own_conn,20,aput,9.792100000140636
per_run_own_conn,20,aput,9.15789999999106
per_run_own_conn,20,aput,8.747800000037387
per_run_own_conn,20,aput,8.307199999762815
per_run_own_conn,20,aput_writes,14.822199999798613
per_run_own_conn,20,aput,6.950299999971321
per_run_own_conn,20,aput,6.562100000337523
per_run_own_conn,20,aput_writes,18.564199999673292
per_run_own_conn,20,aput_writes,18.074600000090868
per_run_own_conn,20,aput_writes,18.1497000003219
per_run_own_conn,20,aput_writes,17.74729999988267
per_run_own_conn,20,aput,4.848699999911332
per_run_own_conn,20,aput_writes,11.637500000233558
per_run_own_conn,20,aput,6.122400000094785
per_run_own_conn,20,aput_writes,13.911900000039168
per_run_own_conn,20,aput_writes,13.517500000034488
per_run_own_conn,20,aput_writes,15.24089999975331
per_run_own_conn,20,aput_writes,14.538899999934074
per_run_own_conn,20,aput_writes,8.049099999880127
per_run_own_conn,20,aput_writes,11.283299999831797
per_run_own_conn,20,aput_writes,12.55940000010014
per_run_own_conn,20,aput_writes,9.788300000309391
per_run_own_conn,20,aput,8.213300000079471
per_run_own_conn,20,aput_writes,18.3617000002414
per_run_own_conn,20,aput,12.563000000227476
per_run_own_conn,20,aput,11.514900000292982
per_run_own_conn,20,aput,11.998899999980495
per_run_own_conn,20,aput,10.766899999907764
per_run_own_conn,20,aput,7.322600000406965
per_run_own_conn,20,aput,11.16909999973359
per_run_own_conn,20,aput,8.914399999866873
per_run_own_conn,20,aput,8.301200000005338
per_run_own_conn,20,aput,7.989100000031613
per_run_own_conn,20,aput,8.709999999609863
per_run_own_conn,20,aput,11.991299999863259
per_run_own_conn,20,aput,13.432899999770598
per_run_own_conn,20,aput,12.974700000086159
per_run_own_conn,20,aput,12.167900000349618
per_run_own_conn,20,aput_writes,22.651199999927485
per_run_own_conn,20,aput,10.934000000361266
per_run_own_conn,20,aput_writes,22.033900000224094
per_run_own_conn,20,aput_writes,21.590199999991455
per_run_own_conn,20,aput_writes,22.327299999687966
per_run_own_conn,20,aput_writes,20.49589999978707
per_run_own_conn,20,aput_writes,22.790299999996932
per_run_own_conn,20,aput_writes,20.282200000110606
per_run_own_conn,20,aput_writes,19.94590000003882
per_run_own_conn,20,aput_writes,19.630100000085804
per_run_own_conn,20,aput_writes,19.34400000027381
per_run_own_conn,20,aput,10.963899999751447
per_run_own_conn,20,aput,11.545100000148523
per_run_own_conn,20,aput,7.695000000239816
per_run_own_conn,20,aput,8.305099999688537
per_run_own_conn,20,aput_writes,19.91249999991851
per_run_own_conn,20,aput_writes,21.038299999872834
per_run_own_conn,20,aput_writes,20.521399999779533
per_run_own_conn,20,aput_writes,19.701400000030844
per_run_own_conn,20,aput_writes,19.045900000037363
per_run_own_conn,20,aput_writes,12.229300000399235
per_run_own_conn,20,aput_writes,17.41440000023431
per_run_own_conn,20,aput_writes,16.968399999768735
per_run_own_conn,20,aput_writes,13.040499999988242
per_run_own_conn,20,aput,7.475999999769556
per_run_own_conn,20,aput_writes,19.17299999968236
per_run_own_conn,20,aput,11.028699999769742
per_run_own_conn,20,aput,10.145200000351906
per_run_own_conn,20,aput,10.47950000020137
per_run_own_conn,20,aput,9.685799999715528
per_run_own_conn,20,aput,7.7664000000368105
per_run_own_conn,20,aput,9.979699999803415
per_run_own_conn,20,aput,9.015300000100979
per_run_own_conn,20,aput,8.350099999915983
per_run_own_conn,20,aput,8.097700000234909
per_run_own_conn,20,aput,8.769999999913125
per_run_own_conn,20,aput,8.96599999987302
per_run_own_conn,20,aput,10.657999999693857
per_run_own_conn,20,aput,11.169200000040291
per_run_own_conn,20,aput,10.424799999782408
per_run_own_conn,20,aput,10.475799999767332
per_run_own_conn,20,aput_writes,20.046600000114267
per_run_own_conn,20,aput_writes,19.75529999981518
per_run_own_conn,20,aput_writes,19.274899999800255
per_run_own_conn,20,aput_writes,21.00090000021737
per_run_own_conn,20,aput_writes,17.928499999925407
per_run_own_conn,20,aput_writes,20.162100000106875
per_run_own_conn,20,aput_writes,19.259800000327232
per_run_own_conn,20,aput_writes,18.92050000014933
per_run_own_conn,20,aput_writes,18.57330000029833
per_run_own_conn,20,aput_writes,18.311899999844172
per_run_own_conn,20,aput,9.478100000251288
per_run_own_conn,20,aput,10.05540000005567
per_run_own_conn,20,aput_writes,16.418499999872438
per_run_own_conn,20,aput,7.3827999999593885
per_run_own_conn,20,aput_writes,17.056500000308006
per_run_own_conn,20,aput_writes,16.455400000268128
per_run_own_conn,20,aput,7.973200000378711
per_run_own_conn,20,aput_writes,14.543499999945197
per_run_own_conn,20,aput_writes,14.373799999702896
per_run_own_conn,20,aput_writes,18.531499999880907
per_run_own_conn,20,aput_writes,19.544700000096782
per_run_own_conn,20,aput_writes,11.256199999934324
per_run_own_conn,20,aput_writes,10.851999999886175
per_run_own_conn,50,aget_tuple,254.84770000002754
per_run_own_conn,50,aget_tuple,252.25149999960195
per_run_own_conn,50,aget_tuple,249.97179999991204
per_run_own_conn,50,aget_tuple,242.76499999996304
per_run_own_conn,50,aget_tuple,239.83199999975113
per_run_own_conn,50,aget_tuple,236.7337000000589
per_run_own_conn,50,aget_tuple,233.23610000034023
per_run_own_conn,50,aget_tuple,225.70550000000367
per_run_own_conn,50,aget_tuple,218.72290000010253
per_run_own_conn,50,aget_tuple,215.71050000011383
per_run_own_conn,50,aget_tuple,210.92080000016722
per_run_own_conn,50,aget_tuple,214.89599999995335
per_run_own_conn,50,aget_tuple,209.35129999998026
per_run_own_conn,50,aget_tuple,206.31760000014765
per_run_own_conn,50,aget_tuple,202.85139999987223
per_run_own_conn,50,aget_tuple,200.54929999969318
per_run_own_conn,50,aget_tuple,197.28250000025582
per_run_own_conn,50,aget_tuple,194.34860000001208
per_run_own_conn,50,aget_tuple,191.65639999982886
per_run_own_conn,50,aget_tuple,189.79669999998805
per_run_own_conn,50,aget_tuple,187.0741999996426
per_run_own_conn,50,aget_tuple,184.20729999979812
per_run_own_conn,50,aget_tuple,181.6158000001451
per_run_own_conn,50,aget_tuple,178.8251000002674
per_run_own_conn,50,aget_tuple,176.2735000002067
per_run_own_conn,50,aget_tuple,170.28669999990598
per_run_own_conn,50,aget_tuple,167.36420000006547
per_run_own_conn,50,aget_tuple,175.39010000018607
per_run_own_conn,50,aget_tuple,134.08369999979186
per_run_own_conn,50,aget_tuple,131.2791999998808
per_run_own_conn,50,aget_tuple,128.73110000009547
per_run_own_conn,50,aget_tuple,125.93189999961396
per_run_own_conn,50,aget_tuple,123.38219999992361
per_run_own_conn,50,aget_tuple,107.02369999989969
per_run_own_conn,50,aget_tuple,104.07230000009804
per_run_own_conn,50,aget_tuple,100.95729999966352
per_run_own_conn,50,aget_tuple,95.22409999999581
per_run_own_conn,50,aget_tuple,91.98639999976876
per_run_own_conn,50,aget_tuple,89.41349999986414
per_run_own_conn,50,aget_tuple,86.46300000009433
per_run_own_conn,50,aget_tuple,83.73600000004444
per_run_own_conn,50,aget_tuple,81.09980000017458
per_run_own_conn,50,aget_tuple,75.52639999994426
per_run_own_conn,50,aget_tuple,73.19879999977275
per_run_own_conn,50,aget_tuple,65.04519999998593
per_run_own_conn,50,aget_tuple,62.0678999998745
per_run_own_conn,50,aget_tuple,59.299900000041816
per_run_own_conn,50,aget_tuple,57.845799999995506
per_run_own_conn,50,aget_tuple,30.100099999799568
per_run_own_conn,50,aget_tuple,20.003300000098534
per_run_own_conn,50,aput,74.20209999963845
per_run_own_conn,50,aput,84.98509999981252
per_run_own_conn,50,aput,84.11919999980455
per_run_own_conn,50,aput,83.3119999997507
per_run_own_conn,50,aput,81.48219999975481
per_run_own_conn,50,aput,82.3550999998588
per_run_own_conn,50,aput,79.85229999985677
per_run_own_conn,50,aput,80.88780000025508
per_run_own_conn,50,aput,79.19630000014877
per_run_own_conn,50,aput,78.57629999989513
per_run_own_conn,50,aput,76.35600000003251
per_run_own_conn,50,aput,75.69149999972069
per_run_own_conn,50,aput,74.69369999989794
per_run_own_conn,50,aput,74.02929999989283
per_run_own_conn,50,aput,73.40419999991354
per_run_own_conn,50,aput,71.08019999986936
per_run_own_conn,50,aput,71.8365999996422
per_run_own_conn,50,aput,72.69209999958548
per_run_own_conn,50,aput,70.2832000001763
per_run_own_conn,50,aput,68.77850000000763
per_run_own_conn,50,aput,68.05090000034397
per_run_own_conn,50,aput,66.5367999999944
per_run_own_conn,50,aput,67.34799999958341
per_run_own_conn,50,aput,65.08439999970506
per_run_own_conn,50,aput,65.88160000001153
per_run_own_conn,50,aput,62.74649999977555
per_run_own_conn,50,aput,64.22130000009929
per_run_own_conn,50,aput,63.536999999996624
per_run_own_conn,50,aput,58.3001999998487
per_run_own_conn,50,aput,57.211699999697885
per_run_own_conn,50,aput,56.31560000028912
per_run_own_conn,50,aput,54.57650000016656
per_run_own_conn,50,aput,55.651900000157184
per_run_own_conn,50,aput,48.25630000004821
per_run_own_conn,50,aput,47.20449999967968
per_run_own_conn,50,aput,46.37929999989865
per_run_own_conn,50,aput,45.10200000004261
per_run_own_conn,50,aput,44.39260000026479
per_run_own_conn,50,aput,43.45149999971909
per_run_own_conn,50,aput,42.76990000016667
per_run_own_conn,50,aput,41.034899999885965
per_run_own_conn,50,aput,42.0708999999988
per_run_own_conn,50,aput,41.98380000025281
per_run_own_conn,50,aput,39.87010000037117
per_run_own_conn,50,aput,39.09219999968627
per_run_own_conn,50,aput,38.36329999967347
per_run_own_conn,50,aput,37.55120000005263
per_run_own_conn,50,aput,36.46870000011404
per_run_own_conn,50,aput,36.7882999998983
per_run_own_conn,50,aput,35.84660000024087
per_run_own_conn,50,aput_writes,140.33779999999751
per_run_own_conn,50,aput_writes,149.63100000022678
per_run_own_conn,50,aput_writes,148.79569999993691
per_run_own_conn,50,aput_writes,147.94809999966674
per_run_own_conn,50,aput_writes,147.02570000008564
per_run_own_conn,50,aput_writes,146.2956000000304
per_run_own_conn,50,aput_writes,107.38270000001648
per_run_own_conn,50,aput_writes,145.4407999999603
per_run_own_conn,50,aput_writes,144.7728000002826
per_run_own_conn,50,aput_writes,144.0642999996271
per_run_own_conn,50,aput_writes,143.47790000010718
per_run_own_conn,50,aput_writes,140.98869999997987
per_run_own_conn,50,aput_writes,139.9791999997433
per_run_own_conn,50,aput_writes,139.2521000002489
per_run_own_conn,50,aput_writes,138.60220000015033
per_run_own_conn,50,aput_writes,137.95630000004167
per_run_own_conn,50,aput_writes,137.08939999969516
per_run_own_conn,50,aput_writes,136.39689999990878
per_run_own_conn,50,aput_writes,135.67669999974896
per_run_own_conn,50,aput_writes,134.74390000010317
per_run_own_conn,50,aput_writes,132.48969999995097
per_run_own_conn,50,aput_writes,133.26839999990625
per_run_own_conn,50,aput_writes,130.9888000000683
per_run_own_conn,50,aput_writes,131.79330000002665
per_run_own_conn,50,aput_writes,130.38229999983741
per_run_own_conn,50,aput_writes,129.4049999996787
per_run_own_conn,50,aput_writes,128.66729999996096
per_run_own_conn,50,aput_writes,127.35599999996339
per_run_own_conn,50,aput_writes,128.05300000036368
per_run_own_conn,50,aput_writes,122.19809999987774
per_run_own_conn,50,aput_writes,121.40810000028068
per_run_own_conn,50,aput_writes,120.54360000001907
per_run_own_conn,50,aput_writes,119.83530000043174
per_run_own_conn,50,aput_writes,118.84190000000672
per_run_own_conn,50,aput_writes,111.60250000011729
per_run_own_conn,50,aput_writes,110.32730000033553
per_run_own_conn,50,aput_writes,109.63540000011562
per_run_own_conn,50,aput_writes,108.96439999987706
per_run_own_conn,50,aput_writes,108.02830000011454
per_run_own_conn,50,aput_writes,106.50099999975282
per_run_own_conn,50,aput_writes,105.61890000008134
per_run_own_conn,50,aput_writes,107.47379999975237
per_run_own_conn,50,aput_writes,106.31100000000515
per_run_own_conn,50,aput_writes,104.1917000002286
per_run_own_conn,50,aput_writes,103.45719999986613
per_run_own_conn,50,aput_writes,102.75869999986753
per_run_own_conn,50,aput_writes,101.89410000020871
per_run_own_conn,50,aput_writes,101.00000000011278
per_run_own_conn,50,aput_writes,99.69749999982014
per_run_own_conn,50,aput_writes,99.12880000001678
per_run_own_conn,50,aput,97.67340000007607
per_run_own_conn,50,aput,94.33949999993274
per_run_own_conn,50,aput,94.33609999996406
per_run_own_conn,50,aput,94.31519999998272
per_run_own_conn,50,aput,94.24280000030194
per_run_own_conn,50,aput,91.11190000021452
per_run_own_conn,50,aput,94.35179999991306
per_run_own_conn,50,aput,94.23190000006798
per_run_own_conn,50,aput,94.30739999970683
per_run_own_conn,50,aput,94.2390999998679
per_run_own_conn,50,aput,94.31279999989783
per_run_own_conn,50,aput,94.36279999999897
per_run_own_conn,50,aput,94.34129999999641
per_run_own_conn,50,aput,94.32099999958155
per_run_own_conn,50,aput,94.3038999998862
per_run_own_conn,50,aput,94.28590000015902
per_run_own_conn,50,aput,94.26780000012513
per_run_own_conn,50,aput,94.25000000010186
per_run_own_conn,50,aput,94.23259999994116
per_run_own_conn,50,aput,94.21180000026652
per_run_own_conn,50,aput,94.14719999995214
per_run_own_conn,50,aput,94.22219999987647
per_run_own_conn,50,aput,94.15480000006937
per_run_own_conn,50,aput,94.13309999990815
per_run_own_conn,50,aput,94.1115999999056
per_run_own_conn,50,aput,94.09090000008291
per_run_own_conn,50,aput,94.07030000011218
per_run_own_conn,50,aput,94.05280000009952
per_run_own_conn,50,aput,93.51500000002488
per_run_own_conn,50,aput,93.33229999992909
per_run_own_conn,50,aput,93.28379999988101
per_run_own_conn,50,aput,93.2450999998764
per_run_own_conn,50,aput,93.38640000032683
per_run_own_conn,50,aput,93.47250000018903
per_run_own_conn,50,aput,93.71529999998529
per_run_own_conn,50,aput,93.69280000009894
per_run_own_conn,50,aput,93.83170000000973
per_run_own_conn,50,aput,93.81419999999707
per_run_own_conn,50,aput,93.79129999979341
per_run_own_conn,50,aput,92.17929999977059
per_run_own_conn,50,aput,92.13559999989229
per_run_own_conn,50,aput,92.10740000025908
per_run_own_conn,50,aput,91.93009999989954
per_run_own_conn,50,aput,91.878799999904
per_run_own_conn,50,aput,94.09819999973479
per_run_own_conn,50,aput,94.21870000005583
per_run_own_conn,50,aput,94.27530000039042
per_run_own_conn,50,aput,92.1821000001728
per_run_own_conn,50,aput,91.53809999997975
per_run_own_conn,50,aput,90.92009999994843
per_run_own_conn,50,aput,29.085699999995995
per_run_own_conn,50,aput,29.92949999998018
per_run_own_conn,50,aput,28.524400000151218
per_run_own_conn,50,aput,28.09320000005755
per_run_own_conn,50,aput,27.71630000006553
per_run_own_conn,50,aput,26.96479999985968
per_run_own_conn,50,aput,27.380199999697652
per_run_own_conn,50,aput,26.566300000013143
per_run_own_conn,50,aput,26.18929999971442
per_run_own_conn,50,aput,25.68810000002486
per_run_own_conn,50,aput,25.245499999982712
per_run_own_conn,50,aput,24.79510000011942
per_run_own_conn,50,aput,25.737399999798072
per_run_own_conn,50,aput,25.344899999709014
per_run_own_conn,50,aput,23.1831000000966
per_run_own_conn,50,aput_writes,21.8603999996958
per_run_own_conn,50,aput,22.824499999842374
per_run_own_conn,50,aput,22.468399999979738
per_run_own_conn,50,aput,26.003200000104698
per_run_own_conn,50,aput,26.454199999989214
per_run_own_conn,50,aput,25.397899999916262
per_run_own_conn,50,aput,25.79539999987901
per_run_own_conn,50,aput,24.65429999983826
per_run_own_conn,50,aput,25.086999999984982
per_run_own_conn,50,aput,23.604099999829486
per_run_own_conn,50,aput,24.349899999833724
per_run_own_conn,50,aput,24.01000000008935
per_run_own_conn,50,aput,27.137000000038825
per_run_own_conn,50,aput,26.096399999914865
per_run_own_conn,50,aput,25.340300000152638
per_run_own_conn,50,aput,24.893299999803276
per_run_own_conn,50,aput,25.308199999926728
per_run_own_conn,50,aput,25.777800000014395
per_run_own_conn,50,aput_writes,53.63930000021355
per_run_own_conn,50,aput_writes,55.935999999746855
per_run_own_conn,50,aput_writes,55.099000000154774
per_run_own_conn,50,aput_writes,54.73759999995309
per_run_own_conn,50,aput_writes,54.37039999969784
per_run_own_conn,50,aput_writes,54.018400000131805
per_run_own_conn,50,aput_writes,52.17390000007072
per_run_own_conn,50,aput_writes,57.38439999959155
per_run_own_conn,50,aput_writes,56.24020000004748
per_run_own_conn,50,aput_writes,54.24779999975726
per_run_own_conn,50,aput_writes,53.78280000013547
per_run_own_conn,50,aput_writes,53.35270000023229
per_run_own_conn,50,aput,26.60680000008142
per_run_own_conn,50,aput,26.180700000168144
per_run_own_conn,50,aput,25.767300000097748
per_run_own_conn,50,aput_writes,53.25110000012501
per_run_own_conn,50,aput_writes,52.832999999736785
per_run_own_conn,50,aput_writes,52.46590000024298
per_run_own_conn,50,aput,48.84549999997034
per_run_own_conn,50,aput_writes,49.92099999981292
per_run_own_conn,50,aput_writes,50.32290000008288
per_run_own_conn,50,aput,25.24009999979171
per_run_own_conn,50,aput,24.465800000143645
per_run_own_conn,50,aput,24.995900000249094
per_run_own_conn,50,aput,23.923300000205927
per_run_own_conn,50,aput,22.852399999919726
per_run_own_conn,50,aput,23.37020000004486
per_run_own_conn,50,aput,22.470999999768537
per_run_own_conn,50,aput_writes,49.3544999999358
per_run_own_conn,50,aput_writes,48.94610000019384
per_run_own_conn,50,aput_writes,48.555900000337715
per_run_own_conn,50,aput_writes,48.20590000008451
per_run_own_conn,50,aput_writes,47.86390000026586
per_run_own_conn,50,aput_writes,47.50079999985246
per_run_own_conn,50,aput_writes,47.10419999992155
per_run_own_conn,50,aput_writes,46.74329999988913
per_run_own_conn,50,aput_writes,46.04049999989002
per_run_own_conn,50,aput_writes,46.42379999995683
per_run_own_conn,50,aput,22.011300000031042
per_run_own_conn,50,aput,21.581699999842385
per_run_own_conn,50,aput,21.171700000195415
per_run_own_conn,50,aput,20.76649999980873
per_run_own_conn,50,aput,18.58249999986583
per_run_own_conn,50,aput,17.981700000291312
per_run_own_conn,50,aput_writes,41.590199999973265
per_run_own_conn,50,aput_writes,41.69830000000729
per_run_own_conn,50,aput_writes,40.98530000010214
per_run_own_conn,50,aput_writes,39.902299999994284
per_run_own_conn,50,aput_writes,40.39499999998952
per_run_own_conn,50,aput,13.968100000056438
per_run_own_conn,50,aput_writes,33.57999999980166
per_run_own_conn,50,aput_writes,30.562400000235357
per_run_own_conn,50,aput_writes,33.2287000001088
per_run_own_conn,50,aput_writes,27.63299999969604
per_run_own_conn,50,aput_writes,32.48519999988275
per_run_own_conn,50,aput_writes,31.894799999918177
per_run_own_conn,50,aput_writes,31.358600000203296
per_run_own_conn,50,aput_writes,34.61939999988317
per_run_own_conn,50,aput_writes,33.047500000066066
per_run_own_conn,50,aput_writes,30.43969999998808
per_run_own_conn,50,aput_writes,35.32020000011471
per_run_own_conn,50,aput_writes,27.714300000297953
per_run_own_conn,50,aput_writes,29.094900000018242
per_run_own_conn,50,aput_writes,28.650300000208517
per_run_own_conn,50,aput_writes,25.91660000007323
per_run_own_conn,50,aput_writes,25.09120000013354
per_run_own_conn,50,aput_writes,18.442699999923207
per_run_own_conn,50,aput,25.55800000027375
per_run_own_conn,50,aput,26.07129999978497
per_run_own_conn,50,aput,17.079700000067533
per_run_own_conn,50,aput,17.46629999979632
per_run_own_conn,50,aput,25.136700000075507
per_run_own_conn,50,aput,24.866300000212505
per_run_own_conn,50,aput,24.499500000274566
per_run_own_conn,50,aput,16.93009999962669
per_run_own_conn,50,aput,16.58339999994496
per_run_own_conn,50,aput,23.823800000172923
per_run_own_conn,50,aput,24.225600000136183
per_run_own_conn,50,aput,15.968900000189024
per_run_own_conn,50,aput,16.33240000001024
per_run_own_conn,50,aput,23.38499999996202
per_run_own_conn,50,aput,14.981700000134879
per_run_own_conn,50,aput,15.67750000003798
per_run_own_conn,50,aput,23.07040000005145
per_run_own_conn,50,aput,15.46650000000227
per_run_own_conn,50,aput,22.973499999807245
per_run_own_conn,50,aput,21.206400000210124
per_run_own_conn,50,aput,23.749599999973725
per_run_own_conn,50,aput,23.42289999978675
per_run_own_conn,50,aput,23.06300000009287
per_run_own_conn,50,aput,22.729400000116584
per_run_own_conn,50,aput,20.344200000181445
per_run_own_conn,50,aput,21.55799999991359
per_run_own_conn,50,aput,20.00590000034208
per_run_own_conn,50,aput,20.838399999774992
per_run_own_conn,50,aput,23.30660000006901
per_run_own_conn,50,aput,22.885800000040035
per_run_own_conn,50,aput,22.620300000198768
per_run_own_conn,50,aput,22.226300000056654
per_run_own_conn,50,aput,22.778900000048452
per_run_own_conn,50,aput,22.86839999987933
per_run_own_conn,50,aput_writes,52.96959999986939
per_run_own_conn,50,aput_writes,52.48370000026625
per_run_own_conn,50,aput_writes,52.22300000014002
per_run_own_conn,50,aput_writes,51.3013999998293
per_run_own_conn,50,aput_writes,51.73399999966932
per_run_own_conn,50,aput_writes,50.97109999996974
per_run_own_conn,50,aput_writes,50.6150000001071
per_run_own_conn,50,aput_writes,50.20220000005793
per_run_own_conn,50,aput_writes,49.753599999803555
per_run_own_conn,50,aput_writes,49.37859999972716
per_run_own_conn,50,aput_writes,47.58690000016941
per_run_own_conn,50,aput_writes,44.79249999985768
per_run_own_conn,50,aput_writes,44.44720000037705
per_run_own_conn,50,aput_writes,43.6373000002277
per_run_own_conn,50,aput_writes,44.040299999778654
per_run_own_conn,50,aput_writes,43.325300000105926
per_run_own_conn,50,aput_writes,43.003500000395434
per_run_own_conn,50,aput_writes,42.66570000027059
per_run_own_conn,50,aput_writes,41.98019999967073
per_run_own_conn,50,aput_writes,42.330699999638455
per_run_own_conn,50,aput,25.18640000016603
per_run_own_conn,50,aput,24.34110000012879
per_run_own_conn,50,aput_writes,49.60260000007111
per_run_own_conn,50,aput_writes,49.269900000126654
per_run_own_conn,50,aput_writes,48.925600000075065
per_run_own_conn,50,aput_writes,48.562200000105804
per_run_own_conn,50,aput_writes,46.764600000187784
per_run_own_conn,50,aput_writes,47.39239999980782
per_run_own_conn,50,aput_writes,46.22800000015559
per_run_own_conn,50,aput_writes,45.85349999979371
per_run_own_conn,50,aput,24.21260000028269
per_run_own_conn,50,aput,23.4798999999839
per_run_own_conn,50,aput,23.887700000159384
per_run_own_conn,50,aput,23.026000000299973
per_run_own_conn,50,aput,22.231700000247656
per_run_own_conn,50,aput,22.650399999747606
per_run_own_conn,50,aput,21.894199999678676
per_run_own_conn,50,aput,20.267800000056013
per_run_own_conn,50,aput,19.870300000093266
per_run_own_conn,50,aput,19.49960000001738
per_run_own_conn,50,aput,19.126700000015262
per_run_own_conn,50,aput,18.871000000217464
per_run_own_conn,50,aput,16.936100000293663
per_run_own_conn,50,aput_writes,40.228400000160036
per_run_own_conn,50,aput_writes,39.64099999984683
per_run_own_conn,50,aput_writes,39.327099999809434
per_run_own_conn,50,aput_writes,38.348799999766925
per_run_own_conn,50,aput_writes,38.85970000010275
per_run_own_conn,50,aput,14.159599999857164
per_run_own_conn,50,aput_writes,31.095400000140216
per_run_own_conn,50,aput_writes,29.133099999853584
per_run_own_conn,50,aput_writes,28.76090000017939
per_run_own_conn,50,aput_writes,32.19440000020768
per_run_own_conn,50,aput_writes,31.282099999771162
per_run_own_conn,50,aput_writes,30.182299999978568
per_run_own_conn,50,aput_writes,30.942200000026787
per_run_own_conn,50,aput_writes,30.65259999993941
per_run_own_conn,50,aput_writes,30.103600000074948
per_run_own_conn,50,aput_writes,25.6269000001339
per_run_own_conn,50,aput_writes,28.935700000147335
per_run_own_conn,50,aput_writes,25.73789999996734
per_run_own_conn,50,aput_writes,25.392999999894528
per_run_own_conn,50,aput_writes,27.09099999992759
per_run_own_conn,50,aput_writes,26.264000000082888
per_run_own_conn,50,aput_writes,17.644499999732943
per_run_own_conn,50,aput_writes,22.33200000000579
per_run_own_conn,50,aput,24.942900000041845
per_run_own_conn,50,aput,31.25510000018039
per_run_own_conn,50,aput,31.930500000271422
per_run_own_conn,50,aput,31.0789999998633
per_run_own_conn,50,aput,30.815000000075088
per_run_own_conn,50,aput,30.540900000232796
per_run_own_conn,50,aput,30.30190000026778
per_run_own_conn,50,aput,29.582699999991746
per_run_own_conn,50,aput,29.323100000056
per_run_own_conn,50,aput,28.94339999966178
per_run_own_conn,50,aput,28.711899999962043
per_run_own_conn,50,aput,28.491900000062742
per_run_own_conn,50,aput,28.277299999899697
per_run_own_conn,50,aput,28.03910000011456
per_run_own_conn,50,aput,27.6413000001412
per_run_own_conn,50,aput,26.92669999987629
per_run_own_conn,50,aput,27.435700000296492
per_run_own_conn,50,aput,27.217500000006112
per_run_own_conn,50,aput,26.763800000026094
per_run_own_conn,50,aput,26.14869999979419
per_run_own_conn,50,aput,26.574600000003556
per_run_own_conn,50,aput,25.939199999811535
per_run_own_conn,50,aput,25.716800000282092
per_run_own_conn,50,aput,25.192800000240823
per_run_own_conn,50,aput,25.52270000023782
per_run_own_conn,50,aput,24.17749999995067
per_run_own_conn,50,aput,24.992499999825668
per_run_own_conn,50,aput,24.624199999834673
per_run_own_conn,50,aput,24.8529000000417
per_run_own_conn,50,aput,24.58859999978813
per_run_own_conn,50,aput,24.55180000015389
per_run_own_conn,50,aput,24.527600000055827
per_run_own_conn,50,aput,24.98859999968772
per_run_own_conn,50,aput,23.904599999696075
per_run_own_conn,50,aput_writes,43.65819999975429
per_run_own_conn,50,aput,23.712000000159605
per_run_own_conn,50,aput,23.497900000165828
per_run_own_conn,50,aput,24.62839999998323
per_run_own_conn,50,aput,24.436400000013236
per_run_own_conn,50,aput,24.134499999945547
per_run_own_conn,50,aput,23.818199999823264
per_run_own_conn,50,aput,23.571500000343804
per_run_own_conn,50,aput,23.335299999871495
per_run_own_conn,50,aput,23.0928999999378
per_run_own_conn,50,aput_writes,50.26029999999082
per_run_own_conn,50,aput_writes,50.99980000022697
per_run_own_conn,50,aput_writes,49.96309999978621
per_run_own_conn,50,aput_writes,49.67620000024908
per_run_own_conn,50,aput_writes,49.4181999997636
per_run_own_conn,50,aput_writes,49.14550000012241
per_run_own_conn,50,aput,23.20129999998244
per_run_own_conn,50,aput,22.905199999968318
per_run_own_conn,50,aput,22.40399999982401
per_run_own_conn,50,aput,22.145200000068144
per_run_own_conn,50,aput,21.897099999932834
per_run_own_conn,50,aput_writes,51.414699999895674
per_run_own_conn,50,aput_writes,51.028800000040064
per_run_own_conn,50,aput_writes,50.65130000002682
per_run_own_conn,50,aput_writes,50.161600000137696
per_run_own_conn,50,aput_writes,50.43320000004314
per_run_own_conn,50,aput_writes,49.966500000209635
per_run_own_conn,50,aput_writes,49.73229999995965
per_run_own_conn,50,aput_writes,49.49140000007901
per_run_own_conn,50,aput_writes,48.599600000216014
per_run_own_conn,50,aput_writes,49.10889999973733
per_run_own_conn,50,aput_writes,48.88200000004872
per_run_own_conn,50,aput_writes,48.42340000004697
per_run_own_conn,50,aput_writes,48.20910000034928
per_run_own_conn,50,aput_writes,47.97880000023724
per_run_own_conn,50,aput_writes,47.337900000002264
per_run_own_conn,50,aput_writes,47.606899999664165
per_run_own_conn,50,aput_writes,46.899800000119285
per_run_own_conn,50,aput_writes,47.15429999987464
per_run_own_conn,50,aput_writes,45.813900000212016
per_run_own_conn,50,aput_writes,46.62159999998039
per_run_own_conn,50,aput_writes,46.249900000020716
per_run_own_conn,50,aput,19.70889999984138
per_run_own_conn,50,aput,19.52469999969253
per_run_own_conn,50,aput_writes,44.661899999937305
per_run_own_conn,50,aput_writes,44.30240000010599
per_run_own_conn,50,aput_writes,44.146700000055716
per_run_own_conn,50,aput_writes,43.62929999979315
per_run_own_conn,50,aput_writes,44.0880000001016
per_run_own_conn,50,aput_writes,38.54610000007597
per_run_own_conn,50,aput_writes,37.04359999983353
per_run_own_conn,50,aput_writes,36.75459999976738
per_run_own_conn,50,aput_writes,36.50270000025557
per_run_own_conn,50,aput_writes,36.247999999886815
per_run_own_conn,50,aput_writes,39.59919999988415
per_run_own_conn,50,aput_writes,38.10209999983272
per_run_own_conn,50,aput_writes,38.78469999972367
per_run_own_conn,50,aput_writes,38.63419999970574
per_run_own_conn,50,aput_writes,38.12610000022687
per_run_own_conn,50,aput_writes,32.90270000024975
per_run_own_conn,50,aput_writes,32.93290000010529
per_run_own_conn,50,aput_writes,32.16589999965436
per_run_own_conn,50,aput_writes,32.511600000361796
per_run_own_conn,50,aput_writes,33.36189999981798
per_run_own_conn,50,aput_writes,28.602399999726913
per_run_own_conn,50,aput_writes,27.646099999856233
per_run_shared_pool,1,aget_tuple,3.108899999915593
per_run_shared_pool,1,aput,8.313899999848218
per_run_shared_pool,1,aput_writes,12.058600000273145
per_run_shared_pool,1,aput,8.280499999727908
per_run_shared_pool,1,aput,7.909299999937502
per_run_shared_pool,1,aput_writes,11.417299999720854
per_run_shared_pool,1,aput,7.549800000106188
per_run_shared_pool,1,aput_writes,11.046099999930448
per_run_shared_pool,1,aput,7.239800000206742
per_run_shared_pool,1,aput_writes,10.476899999957823
per_run_shared_pool,5,aget_tuple,7.920800000192685
per_run_shared_pool,5,aget_tuple,6.069900000056805
per_run_shared_pool,5,aget_tuple,16.99240000016289
per_run_shared_pool,5,aget_tuple,14.526999999816326
per_run_shared_pool,5,aget_tuple,7.460899999841786
per_run_shared_pool,5,aput,14.306699999906414
per_run_shared_pool,5,aput,11.873299999933806
per_run_shared_pool,5,aput,14.9359000001823
per_run_shared_pool,5,aput,15.178499999819905
per_run_shared_pool,5,aput,14.149900000120397
per_run_shared_pool,5,aput_writes,23.271999999906257
per_run_shared_pool,5,aput_writes,22.615300000325078
per_run_shared_pool,5,aput_writes,25.227600000107486
per_run_shared_pool,5,aput_writes,23.700600000211125
per_run_shared_pool,5,aput_writes,21.843600000011065
per_run_shared_pool,5,aput,14.164000000164378
per_run_shared_pool,5,aput,15.616399999998976
per_run_shared_pool,5,aput,13.60339999973803
per_run_shared_pool,5,aput,15.567099999771017
per_run_shared_pool,5,aput,13.128800000231422
per_run_shared_pool,5,aput,7.5369000001046516
per_run_shared_pool,5,aput,7.821700000022247
per_run_shared_pool,5,aput,10.340899999846442
per_run_shared_pool,5,aput,11.546599999746832
per_run_shared_pool,5,aput,11.000899999999092
per_run_shared_pool,5,aput_writes,11.69979999986026
per_run_shared_pool,5,aput_writes,12.025200000152836
per_run_shared_pool,5,aput_writes,15.895500000169704
per_run_shared_pool,5,aput_writes,16.540599999643746
per_run_shared_pool,5,aput_writes,17.207999999754975
per_run_shared_pool,5,aput,10.801400000218564
per_run_shared_pool,5,aput,10.819099999935133
per_run_shared_pool,5,aput,11.827300000277319
per_run_shared_pool,5,aput,9.448499999962223
per_run_shared_pool,5,aput,11.588400000164256
per_run_shared_pool,5,aput_writes,14.316900000267196
per_run_shared_pool,5,aput_writes,15.614299999924697
per_run_shared_pool,5,aput_writes,16.56539999976303
per_run_shared_pool,5,aput_writes,17.195800000081363
per_run_shared_pool,5,aput_writes,15.29000000027736
per_run_shared_pool,5,aput,8.645899999919493
per_run_shared_pool,5,aput,10.406800000055227
per_run_shared_pool,5,aput,11.117300000023533
per_run_shared_pool,5,aput,11.53199999998833
per_run_shared_pool,5,aput,11.059499999646505
per_run_shared_pool,5,aput_writes,11.78699999991295
per_run_shared_pool,5,aput_writes,14.377799999692797
per_run_shared_pool,5,aput_writes,16.192300000057003
per_run_shared_pool,5,aput_writes,16.719199999897683
per_run_shared_pool,5,aput_writes,17.18769999979486
per_run_shared_pool,20,aget_tuple,76.90619999993942
per_run_shared_pool,20,aget_tuple,70.82700000000841
per_run_shared_pool,20,aget_tuple,68.18810000004305
per_run_shared_pool,20,aget_tuple,76.01660000000265
per_run_shared_pool,20,aget_tuple,67.82280000015817
per_run_shared_pool,20,aget_tuple,66.32040000022243
per_run_shared_pool,20,aget_tuple,61.435099999926024
per_run_shared_pool,20,aget_tuple,65.1201000000583
per_run_shared_pool,20,aget_tuple,61.23479999996562
per_run_shared_pool,20,aget_tuple,64.53640000017913
per_run_shared_pool,20,aget_tuple,62.886299999718176
per_run_shared_pool,20,aget_tuple,61.138000000028114
per_run_shared_pool,20,aget_tuple,60.791299999891635
per_run_shared_pool,20,aget_tuple,60.354000000188535
per_run_shared_pool,20,aget_tuple,58.13430000034714
per_run_shared_pool,20,aget_tuple,55.6680999998207
per_run_shared_pool,20,aget_tuple,51.62380000001576
per_run_shared_pool,20,aget_tuple,55.55060000006051
per_run_shared_pool,20,aget_tuple,47.75130000007266
per_run_shared_pool,20,aget_tuple,52.81960000002073
per_run_shared_pool,20,aput,41.41509999999471
per_run_shared_pool,20,aput,42.1518000002834
per_run_shared_pool,20,aput,41.482400000404596
per_run_shared_pool,20,aput,39.425199999641336
per_run_shared_pool,20,aput,42.4671999999191
per_run_shared_pool,20,aput,45.6240000003163
per_run_shared_pool,20,aput,44.3396999999095
per_run_shared_pool,20,aput,35.658600000260776
per_run_shared_pool,20,aput,42.147099999965576
per_run_shared_pool,20,aput,34.882699999798206
per_run_shared_pool,20,aput,45.3204000000369
per_run_shared_pool,20,aput,41.08890000043175
per_run_shared_pool,20,aput,43.935400000009395
per_run_shared_pool,20,aput,37.60389999979452
per_run_shared_pool,20,aput,41.38920000013968
per_run_shared_pool,20,aput,36.94930000028762
per_run_shared_pool,20,aput,39.88660000004529
per_run_shared_pool,20,aput,40.58290000011766
per_run_shared_pool,20,aput,52.1232000000964
per_run_shared_pool,20,aput,53.46810000037294
per_run_shared_pool,20,aput_writes,97.31450000026598
per_run_shared_pool,20,aput_writes,104.97329999998328
per_run_shared_pool,20,aput_writes,104.28140000021813
per_run_shared_pool,20,aput_writes,103.63030000007711
per_run_shared_pool,20,aput_writes,99.96380000029603
per_run_shared_pool,20,aput_writes,103.09810000035213
per_run_shared_pool,20,aput_writes,100.36399999989953
per_run_shared_pool,20,aput_writes,93.54490000032456
per_run_shared_pool,20,aput_writes,107.7172000000246
per_run_shared_pool,20,aput_writes,109.68289999982517
per_run_shared_pool,20,aput_writes,104.85120000021197
per_run_shared_pool,20,aput_writes,112.14879999988625
per_run_shared_pool,20,aput_writes,126.01450000011027
per_run_shared_pool,20,aput_writes,114.61759999974674
per_run_shared_pool,20,aput_writes,106.11329999983354
per_run_shared_pool,20,aput_writes,109.81970000011643
per_run_shared_pool,20,aput_writes,125.0067000000854
per_run_shared_pool,20,aput_writes,129.49440000011236
per_run_shared_pool,20,aput,105.06680000025881
per_run_shared_pool,20,aput,122.74259999958304
per_run_shared_pool,20,aput_writes,132.04850000010993
per_run_shared_pool,20,aput,121.01070000016989
per_run_shared_pool,20,aput,119.4788000002518
per_run_shared_pool,20,aput,110.37730000043666
per_run_shared_pool,20,aput,121.20770000001357
per_run_shared_pool,20,aput,119.53679999987799
per_run_shared_pool,20,aput,110.56109999981345
per_run_shared_pool,20,aput_writes,132.57949999979246
per_run_shared_pool,20,aput,112.54189999999653
per_run_shared_pool,20,aput,115.04909999985102
per_run_shared_pool,20,aput,104.78770000008808
per_run_shared_pool,20,aput,118.19659999991927
per_run_shared_pool,20,aput,107.03499999999622
per_run_shared_pool,20,aput,82.71849999982805
per_run_shared_pool,20,aput,107.25120000006427
per_run_shared_pool,20,aput,106.89509999974689
per_run_shared_pool,20,aput,112.8008000000591
per_run_shared_pool,20,aput,107.20099999980448
per_run_shared_pool,20,aput,89.61589999989883
per_run_shared_pool,20,aput,107.1273000002293
per_run_shared_pool,20,aput,6.902500000251166
per_run_shared_pool,20,aput,6.525499999952444
per_run_shared_pool,20,aput,6.198499999754858
per_run_shared_pool,20,aput,8.058100000198465
per_run_shared_pool,20,aput,5.0138999999944645
per_run_shared_pool,20,aput,4.75430000005872
per_run_shared_pool,20,aput,4.950799999733135
per_run_shared_pool,20,aput,5.120700000134093
per_run_shared_pool,20,aput_writes,11.79359999969165
per_run_shared_pool,20,aput_writes,11.721899999884045
per_run_shared_pool,20,aput_writes,10.447600000134116
per_run_shared_pool,20,aput_writes,12.416600000051403
per_run_shared_pool,20,aput_writes,13.914499999827967
per_run_shared_pool,20,aput_writes,8.202500000152213
per_run_shared_pool,20,aput_writes,9.021999999731634
per_run_shared_pool,20,aput,3.4651999999368854
per_run_shared_pool,20,aput_writes,10.960500000237516
per_run_shared_pool,20,aput_writes,8.381899999676534
per_run_shared_pool,20,aput,4.92900000017471
per_run_shared_pool,20,aput,4.208999999718799
per_run_shared_pool,20,aput,5.198199999995268
per_run_shared_pool,20,aput,5.468300000302406
per_run_shared_pool,20,aput_writes,9.015000000090367
per_run_shared_pool,20,aput_writes,9.685300000001007
per_run_shared_pool,20,aput,4.3478000002323824
per_run_shared_pool,20,aput,4.063999999743828
per_run_shared_pool,20,aput,5.42330000007496
per_run_shared_pool,20,aput_writes,11.424799999986135
per_run_shared_pool,20,aput_writes,9.661699999924167
per_run_shared_pool,20,aput,4.461200000150711
per_run_shared_pool,20,aput,5.710400000225491
per_run_shared_pool,20,aput_writes,9.719900000163761
per_run_shared_pool,20,aput,4.371600000013132
per_run_shared_pool,20,aput_writes,10.451500000272063
per_run_shared_pool,20,aput_writes,11.816999999609834
per_run_shared_pool,20,aput,3.8813999999547377
per_run_shared_pool,20,aput_writes,8.690399999977672
per_run_shared_pool,20,aput_writes,9.304100000008475
per_run_shared_pool,20,aput_writes,6.309200000032433
per_run_shared_pool,20,aput_writes,7.988899999872956
per_run_shared_pool,20,aput,10.788800000227639
per_run_shared_pool,20,aput,12.270499999885942
per_run_shared_pool,20,aput,11.476399999992282
per_run_shared_pool,20,aput,11.952299999848037
per_run_shared_pool,20,aput,14.833499999895139
per_run_shared_pool,20,aput,15.68009999982678
per_run_shared_pool,20,aput,8.741999999983818
per_run_shared_pool,20,aput,11.824700000033772
per_run_shared_pool,20,aput,14.31719999982306
per_run_shared_pool,20,aput_writes,18.98879999998826
per_run_shared_pool,20,aput,9.464100000059261
per_run_shared_pool,20,aput,9.488300000157324
per_run_shared_pool,20,aput,9.082999999918684
per_run_shared_pool,20,aput,10.745999999926426
per_run_shared_pool,20,aput_writes,25.005099999816593
per_run_shared_pool,20,aput_writes,25.669699999980367
per_run_shared_pool,20,aput_writes,23.662699999931647
per_run_shared_pool,20,aput_writes,18.875799999932497
per_run_shared_pool,20,aput_writes,22.020299999894632
per_run_shared_pool,20,aput_writes,24.533599999813305
per_run_shared_pool,20,aput_writes,23.052799999732088
per_run_shared_pool,20,aput_writes,23.509300000114308
per_run_shared_pool,20,aput,11.217599999781669
per_run_shared_pool,20,aput,9.92309999992358
per_run_shared_pool,20,aput_writes,22.44169999994483
per_run_shared_pool,20,aput_writes,24.92549999988114
per_run_shared_pool,20,aput_writes,24.10250000002634
per_run_shared_pool,20,aput,12.628999999833468
per_run_shared_pool,20,aput,12.276599999950122
per_run_shared_pool,20,aput,10.158399999909307
per_run_shared_pool,20,aput,9.410899999693356
per_run_shared_pool,20,aput,15.905000000202563
per_run_shared_pool,20,aput_writes,24.700599999960104
per_run_shared_pool,20,aput_writes,19.59560000022975
per_run_shared_pool,20,aput_writes,19.858900000144786
per_run_shared_pool,20,aput_writes,17.820800000208692
per_run_shared_pool,20,aput_writes,17.707599999994272
per_run_shared_pool,20,aput_writes,15.729900000224006
per_run_shared_pool,20,aput_writes,14.838000000054308
per_run_shared_pool,20,aput_writes,21.38409999997748
per_run_shared_pool,20,aput,10.773999999855732
per_run_shared_pool,20,aput,11.759999999867432
per_run_shared_pool,20,aput,5.508800000370684
per_run_shared_pool,20,aput,12.939000000187661
per_run_shared_pool,20,aput,5.421200000000681
per_run_shared_pool,20,aput,12.735900000279798
per_run_shared_pool,20,aput,11.871199999859527
per_run_shared_pool,20,aput,12.247000000115804
per_run_shared_pool,20,aput,12.079000000085216
per_run_shared_pool,20,aput,11.862700000165205
per_run_shared_pool,20,aput,6.878300000153104
per_run_shared_pool,20,aput,10.189099999934115
per_run_shared_pool,20,aput_writes,15.361800000391668
per_run_shared_pool,20,aput,6.015100000240636
per_run_shared_pool,20,aput_writes,19.73550000002433
per_run_shared_pool,20,aput_writes,20.89350000005652
per_run_shared_pool,20,aput_writes,19.192000000202825
per_run_shared_pool,20,aput_writes,20.679799999925308
per_run_shared_pool,20,aput_writes,14.443399999890971
per_run_shared_pool,20,aput_writes,13.566199999786477
per_run_shared_pool,20,aput_writes,19.981999999799882
per_run_shared_pool,20,aput_writes,13.965099999950326
per_run_shared_pool,20,aput_writes,17.754100000274775
per_run_shared_pool,20,aput_writes,19.774299999880895
per_run_shared_pool,20,aput_writes,20.42540000002191
per_run_shared_pool,20,aput,28.049900000041816
per_run_shared_pool,20,aput_writes,33.62830000014583
per_run_shared_pool,20,aput,26.451799999904324
per_run_shared_pool,20,aput,27.022199999919394
per_run_shared_pool,20,aput,29.842999999800668
per_run_shared_pool,20,aput_writes,37.202800000159186
per_run_shared_pool,20,aput,7.670299999972485
per_run_shared_pool,20,aput,9.80310000022655
per_run_shared_pool,20,aput_writes,33.03559999994832
per_run_shared_pool,20,aput_writes,32.66780000012659
per_run_shared_pool,20,aput,29.741000000285567
per_run_shared_pool,20,aput_writes,33.72219999982917
per_run_shared_pool,20,aput_writes,15.622299999904499
per_run_shared_pool,20,aput_writes,35.84950000004028
per_run_shared_pool,20,aput_writes,13.598399999864341
per_run_shared_pool,50,aget_tuple,154.47769999991579
per_run_shared_pool,50,aget_tuple,159.65529999994033
per_run_shared_pool,50,aget_tuple,167.68129999991288
per_run_shared_pool,50,aget_tuple,164.85169999987193
per_run_shared_pool,50,aget_tuple,152.9208000001745
per_run_shared_pool,50,aget_tuple,151.31609999980355
per_run_shared_pool,50,aget_tuple,159.14059999977326
per_run_shared_pool,50,aget_tuple,151.16559999978563
per_run_shared_pool,50,aget_tuple,149.58979999983057
per_run_shared_pool,50,aget_tuple,147.67230000006748
per_run_shared_pool,50,aget_tuple,145.55589999963559
per_run_shared_pool,50,aget_tuple,149.34539999967456
per_run_shared_pool,50,aget_tuple,147.9632999999012
per_run_shared_pool,50,aget_tuple,146.5638999998191
per_run_shared_pool,50,aget_tuple,144.62860000003275
per_run_shared_pool,50,aget_tuple,143.40930000025764
per_run_shared_pool,50,aget_tuple,141.2955000000693
per_run_shared_pool,50,aget_tuple,133.70009999971444
per_run_shared_pool,50,aget_tuple,137.56289999992077
per_run_shared_pool,50,aget_tuple,141.59609999978784
per_run_shared_pool,50,aget_tuple,134.04609999997774
per_run_shared_pool,50,aget_tuple,133.01040000033026
per_run_shared_pool,50,aget_tuple,131.6978999998355
per_run_shared_pool,50,aget_tuple,128.98279999990336
per_run_shared_pool,50,aget_tuple,126.90020000036384
per_run_shared_pool,50,aget_tuple,125.58510000008027
per_run_shared_pool,50,aget_tuple,123.93219999967187
per_run_shared_pool,50,aget_tuple,121.07819999982894
per_run_shared_pool,50,aget_tuple,125.30990000004749
per_run_shared_pool,50,aget_tuple,130.2589000001717
per_run_shared_pool,50,aget_tuple,119.5701999999983
per_run_shared_pool,50,aget_tuple,123.18820000018604
per_run_shared_pool,50,aget_tuple,117.16470000010304
per_run_shared_pool,50,aget_tuple,121.509099999912
per_run_shared_pool,50,aget_tuple,116.8137000004208
per_run_shared_pool,50,aget_tuple,115.87009999993825
per_run_shared_pool,50,aget_tuple,114.12310000014259
per_run_shared_pool,50,aget_tuple,112.44989999977406
per_run_shared_pool,50,aget_tuple,105.84769999968557
per_run_shared_pool,50,aget_tuple,112.28049999999712
per_run_shared_pool,50,aget_tuple,110.20920000009937
per_run_shared_pool,50,aget_tuple,103.45150000011927
per_run_shared_pool,50,aget_tuple,107.23749999988286
per_run_shared_pool,50,aget_tuple,100.89400000015303
per_run_shared_pool,50,aget_tuple,99.51550000005227
per_run_shared_pool,50,aget_tuple,97.63780000002953
per_run_shared_pool,50,aget_tuple,96.30730000026233
per_run_shared_pool,50,aget_tuple,99.02199999987715
per_run_shared_pool,50,aget_tuple,96.84109999989232
per_run_shared_pool,50,aget_tuple,96.59740000006423
per_run_shared_pool,50,aput,108.24730000013005
per_run_shared_pool,50,aput,108.0986000001758
per_run_shared_pool,50,aput,102.21170000022539
per_run_shared_pool,50,aput,104.6065999998973
per_run_shared_pool,50,aput,103.09970000025714
per_run_shared_pool,50,aput,110.33529999986058
per_run_shared_pool,50,aput,107.96200000004319
per_run_shared_pool,50,aput,107.05090000010387
per_run_shared_pool,50,aput,108.31120000011651
per_run_shared_pool,50,aput,101.79999999991196
per_run_shared_pool,50,aput,98.4387000003153
per_run_shared_pool,50,aput,100.52099999984421
per_run_shared_pool,50,aput,110.93710000022838
per_run_shared_pool,50,aput,97.60809999988851
per_run_shared_pool,50,aput,109.68880000018544
per_run_shared_pool,50,aput,119.0667000000758
per_run_shared_pool,50,aput,122.40729999984978
per_run_shared_pool,50,aput,120.65889999985302
per_run_shared_pool,50,aput,113.15389999981562
per_run_shared_pool,50,aput,117.41249999977299
per_run_shared_pool,50,aput,119.33129999988523
per_run_shared_pool,50,aput,120.09280000029321
per_run_shared_pool,50,aput,115.40330000025278
per_run_shared_pool,50,aput,114.10789999990811
per_run_shared_pool,50,aput,119.47589999999764
per_run_shared_pool,50,aput,122.97979999993913
per_run_shared_pool,50,aput,121.84609999985696
per_run_shared_pool,50,aput,115.62300000014147
per_run_shared_pool,50,aput,114.57079999991038
per_run_shared_pool,50,aput,111.65960000016639
per_run_shared_pool,50,aput,112.80089999991105
per_run_shared_pool,50,aput,107.30280000007042
per_run_shared_pool,50,aput,111.03070000035586
per_run_shared_pool,50,aput,108.3320000002459
per_run_shared_pool,50,aput,110.44420000007449
per_run_shared_pool,50,aput,116.43549999962488
per_run_shared_pool,50,aput,115.72890000024927
per_run_shared_pool,50,aput,114.45639999965351
per_run_shared_pool,50,aput,103.79039999997985
per_run_shared_pool,50,aput,104.56179999982851
per_run_shared_pool,50,aput,110.86800000020958
per_run_shared_pool,50,aput,112.01849999997648
per_run_shared_pool,50,aput,112.82840000012584
per_run_shared_pool,50,aput,108.00180000023829
per_run_shared_pool,50,aput,109.09219999984998
per_run_shared_pool,50,aput,106.41480000003867
per_run_shared_pool,50,aput,132.175400000051
per_run_shared_pool,50,aput,132.43229999989126
per_run_shared_pool,50,aput,129.13739999976315
per_run_shared_pool,50,aput,131.52869999976247
per_run_shared_pool,50,aput_writes,222.23330000042552
per_run_shared_pool,50,aput_writes,226.84690000005503
per_run_shared_pool,50,aput_writes,222.8903000000173
per_run_shared_pool,50,aput_writes,220.47629999997298
per_run_shared_pool,50,aput_writes,228.59239999979764
per_run_shared_pool,50,aput_writes,221.51930000018183
per_run_shared_pool,50,aput_writes,218.69520000018383
per_run_shared_pool,50,aput_writes,226.33840000025884
per_run_shared_pool,50,aput_writes,228.9596000000529
per_run_shared_pool,50,aput_writes,222.19089999998687
per_run_shared_pool,50,aput_writes,224.4908999996369
per_run_shared_pool,50,aput_writes,223.17689999999857
per_run_shared_pool,50,aput_writes,236.12150000008114
per_run_shared_pool,50,aput_writes,256.4439000002494
per_run_shared_pool,50,aput_writes,252.56239999998797
per_run_shared_pool,50,aput_writes,274.4868999998289
per_run_shared_pool,50,aput_writes,260.23609999992914
per_run_shared_pool,50,aput_writes,258.6006000001362
per_run_shared_pool,50,aput_writes,249.3239000000358
per_run_shared_pool,50,aput_writes,253.62799999993513
per_run_shared_pool,50,aput_writes,255.7056000000557
per_run_shared_pool,50,aput_writes,258.16770000028555
per_run_shared_pool,50,aput_writes,274.36160000024756
per_run_shared_pool,50,aput_writes,275.3930000003493
per_run_shared_pool,50,aput_writes,274.8864999998659
per_run_shared_pool,50,aput_writes,273.4927000001335
per_run_shared_pool,50,aput_writes,274.75189999995564
per_run_shared_pool,50,aput_writes,270.62480000040523
per_run_shared_pool,50,aput_writes,288.92510000014227
per_run_shared_pool,50,aput_writes,290.05380000035075
per_run_shared_pool,50,aput_writes,292.23289999981716
per_run_shared_pool,50,aput_writes,285.7168999998976
per_run_shared_pool,50,aput_writes,287.38949999979013
per_run_shared_pool,50,aput_writes,291.1650000000918
per_run_shared_pool,50,aput_writes,288.3548999998311
per_run_shared_pool,50,aput_writes,283.77510000018447
per_run_shared_pool,50,aput_writes,283.1045000002632
per_run_shared_pool,50,aput_writes,283.06389999988824
per_run_shared_pool,50,aput_writes,311.08839999978954
per_run_shared_pool,50,aput_writes,314.27250000024287
per_run_shared_pool,50,aput_writes,321.8575000000783
per_run_shared_pool,50,aput,280.609700000241
per_run_shared_pool,50,aput,280.2421999999751
per_run_shared_pool,50,aput,279.51729999995223
per_run_shared_pool,50,aput,279.8203000002104
per_run_shared_pool,50,aput,279.72460000000865
per_run_shared_pool,50,aput_writes,326.61300000017945
per_run_shared_pool,50,aput,281.1015000002044
per_run_shared_pool,50,aput_writes,325.7164000001467
per_run_shared_pool,50,aput_writes,327.6146999996854
per_run_shared_pool,50,aput_writes,329.17059999999765
per_run_shared_pool,50,aput,284.6718000000692
per_run_shared_pool,50,aput_writes,332.458499999575
per_run_shared_pool,50,aput,294.4012000002658
per_run_shared_pool,50,aput,285.5764000000818
per_run_shared_pool,50,aput,286.2057000002096
per_run_shared_pool,50,aput_writes,335.37459999979546
per_run_shared_pool,50,aput,288.89980000030846
per_run_shared_pool,50,aput,289.1154999997525
per_run_shared_pool,50,aput,289.23589999976684
per_run_shared_pool,50,aput,289.375100000143
per_run_shared_pool,50,aput,260.44679999995424
per_run_shared_pool,50,aput,261.4314000002196
per_run_shared_pool,50,aput_writes,332.2477000001527
per_run_shared_pool,50,aput,267.4842000001263
per_run_shared_pool,50,aput,290.79349999983606
per_run_shared_pool,50,aput_writes,330.14100000036706
per_run_shared_pool,50,aput,263.5760999996819
per_run_shared_pool,50,aput_writes,333.41840000002776
per_run_shared_pool,50,aput,264.411999999993
per_run_shared_pool,50,aput,265.55489999964266
per_run_shared_pool,50,aput,267.6864000000023
per_run_shared_pool,50,aput,269.81449999993856
per_run_shared_pool,50,aput,271.11340000010387
per_run_shared_pool,50,aput,267.4867999999151
per_run_shared_pool,50,aput,262.00169999992795
per_run_shared_pool,50,aput,263.6734000002434
per_run_shared_pool,50,aput,264.5013999999719
per_run_shared_pool,50,aput,251.78260000029695
per_run_shared_pool,50,aput,264.66770000024553
per_run_shared_pool,50,aput,265.14350000024933
per_run_shared_pool,50,aput_writes,163.1363000001329
per_run_shared_pool,50,aput,265.1756000000205
per_run_shared_pool,50,aput,265.1640999997653
per_run_shared_pool,50,aput,265.1504999998906
per_run_shared_pool,50,aput,260.90750000003027
per_run_shared_pool,50,aput,253.29130000000077
per_run_shared_pool,50,aput,266.3935999999012
per_run_shared_pool,50,aput_writes,164.84440000022005
per_run_shared_pool,50,aput,254.07750000022133
per_run_shared_pool,50,aput,254.6637999998893
per_run_shared_pool,50,aput,254.62389999984225
per_run_shared_pool,50,aput_writes,165.41719999986526
per_run_shared_pool,50,aput,256.21700000010605
per_run_shared_pool,50,aput_writes,167.09779999973762
per_run_shared_pool,50,aput_writes,170.5949000001965
per_run_shared_pool,50,aput_writes,169.2593000002489
per_run_shared_pool,50,aput_writes,168.97160000007716
per_run_shared_pool,50,aput_writes,170.4544999997779
per_run_shared_pool,50,aput_writes,170.07999999987078
per_run_shared_pool,50,aput_writes,167.5362999999379
per_run_shared_pool,50,aput_writes,159.2212999998992
per_run_shared_pool,50,aput_writes,156.28900000001522
per_run_shared_pool,50,aput_writes,165.8526000001075
per_run_shared_pool,50,aput_writes,156.0370000001967
per_run_shared_pool,50,aput_writes,150.1453999999285
per_run_shared_pool,50,aput_writes,154.4544000003043
per_run_shared_pool,50,aput_writes,159.20449999975972
per_run_shared_pool,50,aput_writes,173.41369999985545
per_run_shared_pool,50,aput,266.5280999999595
per_run_shared_pool,50,aput,266.932099999849
per_run_shared_pool,50,aput_writes,151.23039999980392
per_run_shared_pool,50,aput,268.2866999998623
per_run_shared_pool,50,aput,268.2899000001271
per_run_shared_pool,50,aput,239.43400000007387
per_run_shared_pool,50,aput,268.5927000002266
per_run_shared_pool,50,aput_writes,157.11760000021968
per_run_shared_pool,50,aput_writes,155.1408000000265
per_run_shared_pool,50,aput_writes,155.56820000028893
per_run_shared_pool,50,aput_writes,149.33639999981096
per_run_shared_pool,50,aput_writes,152.1653999998307
per_run_shared_pool,50,aput_writes,153.13800000012634
per_run_shared_pool,50,aput_writes,150.7925000000796
per_run_shared_pool,50,aput_writes,157.42760000011913
per_run_shared_pool,50,aput,235.41870000008203
per_run_shared_pool,50,aput_writes,142.485900000338
per_run_shared_pool,50,aput_writes,135.42680000000473
per_run_shared_pool,50,aput_writes,137.9997999997613
per_run_shared_pool,50,aput,239.05610000019806
per_run_shared_pool,50,aput,239.2266000001655
per_run_shared_pool,50,aput_writes,146.58349999990605
per_run_shared_pool,50,aput,64.75369999998293
per_run_shared_pool,50,aput_writes,146.06559999992896
per_run_shared_pool,50,aput_writes,146.43969999997353
per_run_shared_pool,50,aput_writes,139.34470000003785
per_run_shared_pool,50,aput_writes,140.7630000003337
per_run_shared_pool,50,aput_writes,122.24349999996775
per_run_shared_pool,50,aput_writes,148.15449999969132
per_run_shared_pool,50,aput_writes,138.43000000042593
per_run_shared_pool,50,aput_writes,123.54789999972127
per_run_shared_pool,50,aput,67.07280000000537
per_run_shared_pool,50,aput_writes,137.89830000041547
per_run_shared_pool,50,aput,67.27970000019923
per_run_shared_pool,50,aput_writes,134.6785999999156
per_run_shared_pool,50,aput,68.09119999979885
per_run_shared_pool,50,aput,69.61679999994885
per_run_shared_pool,50,aput,69.56110000010085
per_run_shared_pool,50,aput,61.18309999965277
per_run_shared_pool,50,aput,50.68789999995715
per_run_shared_pool,50,aput,57.29150000024674
per_run_shared_pool,50,aput,54.58459999999832
per_run_shared_pool,50,aput,51.97009999983493
per_run_shared_pool,50,aput,54.206799999974464
per_run_shared_pool,50,aput,52.0144000001892
per_run_shared_pool,50,aput,51.99529999981678
per_run_shared_pool,50,aput,52.47330000020156
per_run_shared_pool,50,aput_writes,142.0892000001004
per_run_shared_pool,50,aput,51.212300000315736
per_run_shared_pool,50,aput,49.51690000007147
per_run_shared_pool,50,aput,51.32279999997991
per_run_shared_pool,50,aput_writes,142.8008000002592
per_run_shared_pool,50,aput,51.40679999976783
per_run_shared_pool,50,aput_writes,129.7205999999278
per_run_shared_pool,50,aput_writes,137.66119999991133
per_run_shared_pool,50,aput_writes,133.92849999991085
per_run_shared_pool,50,aput_writes,137.83879999982673
per_run_shared_pool,50,aput,49.549600000318605
per_run_shared_pool,50,aput,48.391699999683624
per_run_shared_pool,50,aput,42.53150000022288
per_run_shared_pool,50,aput,45.177200000125595
per_run_shared_pool,50,aput,55.40289999999004
per_run_shared_pool,50,aput,48.941999999897234
per_run_shared_pool,50,aput,45.46610000033979
per_run_shared_pool,50,aput,55.039599999872735
per_run_shared_pool,50,aput_writes,133.81570000001375
per_run_shared_pool,50,aput,43.493499999840424
per_run_shared_pool,50,aput,43.42580000002272
per_run_shared_pool,50,aput,43.38850000021921
per_run_shared_pool,50,aput_writes,131.89460000012332
per_run_shared_pool,50,aput_writes,134.27880000017467
per_run_shared_pool,50,aput,43.63629999988916
per_run_shared_pool,50,aput,43.489900000167836
per_run_shared_pool,50,aput,44.002999999975145
per_run_shared_pool,50,aput,43.54949999969904
per_run_shared_pool,50,aput,45.55100000015955
per_run_shared_pool,50,aput,44.74239999990459
per_run_shared_pool,50,aput,46.298299999762094
per_run_shared_pool,50,aput,46.17710000002262
per_run_shared_pool,50,aput,43.14460000023246
per_run_shared_pool,50,aput,45.502899999974034
per_run_shared_pool,50,aput,45.61519999970187
per_run_shared_pool,50,aput,31.786499999725493
per_run_shared_pool,50,aput,31.704699999863806
per_run_shared_pool,50,aput,33.29940000003262
per_run_shared_pool,50,aput,33.444199999848934
per_run_shared_pool,50,aput,30.247000000144908
per_run_shared_pool,50,aput,25.552600000082748
per_run_shared_pool,50,aput,32.584200000201236
per_run_shared_pool,50,aput,25.73019999999815
per_run_shared_pool,50,aput,32.802300000184914
per_run_shared_pool,50,aput,14.211000000159402
per_run_shared_pool,50,aput,13.84009999992486
per_run_shared_pool,50,aput,12.315899999975954
per_run_shared_pool,50,aput,12.74539999985791
per_run_shared_pool,50,aput,12.00909999988653
per_run_shared_pool,50,aput,11.751099999855796
per_run_shared_pool,50,aput,8.821800000077928
per_run_shared_pool,50,aput,15.547200000128214
per_run_shared_pool,50,aput,9.308400000008987
per_run_shared_pool,50,aput,11.520200000177283
per_run_shared_pool,50,aput,13.77279999996972
per_run_shared_pool,50,aput,13.419999999769061
per_run_shared_pool,50,aput,15.14290000022811
per_run_shared_pool,50,aput,11.801300000115589
per_run_shared_pool,50,aput,12.924800000291725
per_run_shared_pool,50,aput,11.386799999854702
per_run_shared_pool,50,aput,12.485499999911553
per_run_shared_pool,50,aput_writes,24.760499999956664
per_run_shared_pool,50,aput_writes,24.872700000287296
per_run_shared_pool,50,aput_writes,21.241299999928742
per_run_shared_pool,50,aput_writes,24.219100000209437
per_run_shared_pool,50,aput_writes,21.742599999925005
per_run_shared_pool,50,aput_writes,26.162599999679514
per_run_shared_pool,50,aput_writes,23.962400000073103
per_run_shared_pool,50,aput_writes,27.56120000003648
per_run_shared_pool,50,aput_writes,25.870799999665905
per_run_shared_pool,50,aput_writes,27.169399999820598
per_run_shared_pool,50,aput_writes,24.78560000008656
per_run_shared_pool,50,aput_writes,26.79409999973359
per_run_shared_pool,50,aput_writes,28.300800000124582
per_run_shared_pool,50,aput,11.949499999900581
per_run_shared_pool,50,aput,11.578600000120787
per_run_shared_pool,50,aput,11.840099999972153
per_run_shared_pool,50,aput,12.663900000006834
per_run_shared_pool,50,aput,13.747500000135915
per_run_shared_pool,50,aput_writes,23.54349999995975
per_run_shared_pool,50,aput_writes,22.60309999974197
per_run_shared_pool,50,aput,7.178399999702378
per_run_shared_pool,50,aput_writes,23.774199999934353
per_run_shared_pool,50,aput,9.315799999967567
per_run_shared_pool,50,aput_writes,25.61779999996361
per_run_shared_pool,50,aput,12.729699999908917
per_run_shared_pool,50,aput,11.942900000121881
per_run_shared_pool,50,aput,10.890800000197487
per_run_shared_pool,50,aput_writes,19.625700000233337
per_run_shared_pool,50,aput_writes,20.719800000279065
per_run_shared_pool,50,aput_writes,20.265399999971123
per_run_shared_pool,50,aput_writes,20.641499999783264
per_run_shared_pool,50,aput_writes,23.553500000161876
per_run_shared_pool,50,aput_writes,16.43030000013823
per_run_shared_pool,50,aput_writes,18.56199999974706
per_run_shared_pool,50,aput,6.979000000228552
per_run_shared_pool,50,aput,8.836699999847042
per_run_shared_pool,50,aput,8.3690999999817
per_run_shared_pool,50,aput,7.980800000041199
per_run_shared_pool,50,aput,7.517200000165758
per_run_shared_pool,50,aput_writes,17.66090000000986
per_run_shared_pool,50,aput_writes,19.662200000311714
per_run_shared_pool,50,aput_writes,18.807399999786867
per_run_shared_pool,50,aput,5.6835999998838815
per_run_shared_pool,50,aput,6.76789999988614
per_run_shared_pool,50,aput,6.716400000186695
per_run_shared_pool,50,aput_writes,14.891499999976077
per_run_shared_pool,50,aput_writes,13.75899999993635
per_run_shared_pool,50,aput_writes,15.673399999741378
per_run_shared_pool,50,aput,4.586300000028132
per_run_shared_pool,50,aput,5.520199999864417
per_run_shared_pool,50,aput_writes,14.810299999680865
per_run_shared_pool,50,aput_writes,14.35700000001816
per_run_shared_pool,50,aput,5.8004999996228435
per_run_shared_pool,50,aput_writes,9.734699999626173
per_run_shared_pool,50,aput_writes,10.676100000182487
per_run_shared_pool,50,aput_writes,11.16779999983919
per_run_shared_pool,50,aput_writes,10.061100000257284
per_run_shared_pool,50,aput_writes,11.29880000007688
per_run_shared_pool,50,aput_writes,11.908599999969738
per_run_shared_pool,50,aput,5.784800000128598
per_run_shared_pool,50,aput,5.003100000067207
per_run_shared_pool,50,aput,5.829299999732029
per_run_shared_pool,50,aput,4.281900000023597
per_run_shared_pool,50,aput,3.7302000000636326
per_run_shared_pool,50,aput,5.4079000001365785
per_run_shared_pool,50,aput_writes,8.512399999744957
per_run_shared_pool,50,aput_writes,9.549699999752193
per_run_shared_pool,50,aput_writes,10.96670000015365
per_run_shared_pool,50,aput,4.548699999759265
per_run_shared_pool,50,aput_writes,9.127300000272953
per_run_shared_pool,50,aput,6.621199999699456
per_run_shared_pool,50,aput_writes,11.399699999856239
per_run_shared_pool,50,aput_writes,10.70849999996426
per_run_shared_pool,50,aput,4.115599999749975
per_run_shared_pool,50,aput_writes,8.767999999690801
per_run_shared_pool,50,aput,3.6909000000378
per_run_shared_pool,50,aput,4.330300000219722
per_run_shared_pool,50,aput_writes,8.2060999998248
per_run_shared_pool,50,aput_writes,10.920500000338507
per_run_shared_pool,50,aput,4.12400000004709
per_run_shared_pool,50,aput_writes,7.322699999804172
per_run_shared_pool,50,aput_writes,6.892900000366353
per_run_shared_pool,50,aput_writes,6.402699999853212
per_run_shared_pool,50,aput,13.499099999989994
per_run_shared_pool,50,aput,13.957599999685044
per_run_shared_pool,50,aput,12.539599999854545
per_run_shared_pool,50,aput,13.248799999928451
per_run_shared_pool,50,aput,14.981700000134879
per_run_shared_pool,50,aput,12.135200000102486
per_run_shared_pool,50,aput,11.594099999911123
per_run_shared_pool,50,aput,11.925199999950564
per_run_shared_pool,50,aput,14.736799999809591
per_run_shared_pool,50,aput,13.971200000014505
per_run_shared_pool,50,aput,12.768600000072183
per_run_shared_pool,50,aput,11.678200000005745
per_run_shared_pool,50,aput,13.431999999738764
per_run_shared_pool,50,aput,11.756699999750708
per_run_shared_pool,50,aput,12.14830000026268
per_run_shared_pool,50,aput,12.967499999831489
per_run_shared_pool,50,aput,12.765200000103505
per_run_shared_pool,50,aput_writes,27.964900000370108
per_run_shared_pool,50,aput,14.418499999919732
per_run_shared_pool,50,aput,14.748099999906117
per_run_shared_pool,50,aput,15.236499999900843
per_run_shared_pool,50,aput,13.757799999893905
per_run_shared_pool,50,aput_writes,27.824999999666034
per_run_shared_pool,50,aput_writes,26.781900000059977
per_run_shared_pool,50,aput_writes,27.124799999910465
per_run_shared_pool,50,aput_writes,29.89800000023024
per_run_shared_pool,50,aput_writes,27.70009999994727
per_run_shared_pool,50,aput,14.27670000020953
per_run_shared_pool,50,aput_writes,29.5749000001706
per_run_shared_pool,50,aput_writes,28.787199999896984
per_run_shared_pool,50,aput_writes,30.58729999975185
per_run_shared_pool,50,aput_writes,27.58929999981774
per_run_shared_pool,50,aput_writes,29.399300000022777
per_run_shared_pool,50,aput_writes,31.017700000120385
per_run_shared_pool,50,aput_writes,33.31660000003467
per_run_shared_pool,50,aput_writes,28.73279999994338
per_run_shared_pool,50,aput,14.230399999632937
per_run_shared_pool,50,aput,17.780299999685667
per_run_shared_pool,50,aput,19.679099999848404
per_run_shared_pool,50,aput_writes,34.23109999994267
per_run_shared_pool,50,aput_writes,33.95880000016405
per_run_shared_pool,50,aput_writes,34.604099999796745
per_run_shared_pool,50,aput,20.047400000294147
per_run_shared_pool,50,aput,19.597299999986717
per_run_shared_pool,50,aput_writes,28.833700000177487
per_run_shared_pool,50,aput_writes,29.159700000036537
per_run_shared_pool,50,aput_writes,29.569400000127644
per_run_shared_pool,50,aput_writes,27.15279999983977
per_run_shared_pool,50,aput_writes,27.5008000003254
per_run_shared_pool,50,aput,12.591799999881914
per_run_shared_pool,50,aput,12.297400000079506
per_run_shared_pool,50,aput,12.051799999881041
per_run_shared_pool,50,aput,11.81750000023385
per_run_shared_pool,50,aput,14.596399999845744
per_run_shared_pool,50,aput_writes,27.53579999989597
per_run_shared_pool,50,aput,13.004500000079133
per_run_shared_pool,50,aput,12.71919999999227
per_run_shared_pool,50,aput,14.49289999982284
per_run_shared_pool,50,aput,11.903499999789346
per_run_shared_pool,50,aput,11.714299999766808
per_run_shared_pool,50,aput,11.788400000114052
per_run_shared_pool,50,aput_writes,32.15050000017072
per_run_shared_pool,50,aput_writes,31.980299999759154
per_run_shared_pool,50,aput_writes,31.189699999686127
per_run_shared_pool,50,aput_writes,30.9863000002224
per_run_shared_pool,50,aput_writes,25.383700000020326
per_run_shared_pool,50,aput_writes,25.02860000004148
per_run_shared_pool,50,aput_writes,24.49339999975564
per_run_shared_pool,50,aput_writes,24.802200000067387
per_run_shared_pool,50,aput,11.874400000124297
per_run_shared_pool,50,aput,11.594099999911123
per_run_shared_pool,50,aput,12.034800000037649
per_run_shared_pool,50,aput,10.911400000168214
per_run_shared_pool,50,aput,12.711000000308559
per_run_shared_pool,50,aput_writes,29.001599999901373
per_run_shared_pool,50,aput,11.334400000123424
per_run_shared_pool,50,aput_writes,25.78449999964505
per_run_shared_pool,50,aput_writes,25.56380000032732
per_run_shared_pool,50,aput_writes,25.894999999763968
per_run_shared_pool,50,aput_writes,22.758900000098947
per_run_shared_pool,50,aput,9.502400000201305
per_run_shared_pool,50,aput_writes,23.301200000332756
per_run_shared_pool,50,aput,9.218899999723362
per_run_shared_pool,50,aput_writes,23.25380000002042
per_run_shared_pool,50,aput,8.984599999621423
per_run_shared_pool,50,aput_writes,20.35909999995056
per_run_shared_pool,50,aput_writes,21.089299999857758
per_run_shared_pool,50,aput,8.419900000262714
per_run_shared_pool,50,aput,8.131399999911082
per_run_shared_pool,50,aput_writes,20.92159999983778
per_run_shared_pool,50,aput_writes,18.66429999972752
per_run_shared_pool,50,aput_writes,19.7917000000416
per_run_shared_pool,50,aput,6.64439999991373
per_run_shared_pool,50,aput_writes,17.46599999978571
per_run_shared_pool,50,aput_writes,14.107699999840406
per_run_shared_pool,50,aput_writes,13.800400000036461
per_run_shared_pool,50,aput_writes,13.193900000260328
per_run_shared_pool,50,aput_writes,11.680399999931979
per_run_shared_pool,50,aput_writes,12.095900000076654
per_run_shared_pool,50,aput_writes,10.212400000000343
